name,team,position,season,games,receptions,targets,receiving_yards,rec_ypg,receiving_tds,ypr,receiving_fumbles,receiving_2pt_conversions,target_share,air_yards_share,carries,rushing_yards,rush_ypg,rushing_tds,rush_td_percentage,rushing_fumbles,rushing_2pt_conversions,completions,attempts,comp_percentage,passing_yards,pass_ypg,passing_tds,passing_2pt_conversions,td_percentage,interceptions,sacks,sack_fumbles,offense_snaps,teams_offense_snaps,round,overall,stadium_name,stadium_weather_type,stadium_surface,fantasy_points_ppr
A.J. Brown,PHI,WR,2023,17,106,158,1456.0,85.65,7,13.74,2.0,0,0.3,0.42,0,0.0,0.0,0,0.0,0.0,0,0,0,0.0,0.0,0.0,0,0,0.07,0.0,0.0,0,1019.0,1154.0,2.0,51.0,Lincoln Financial Field,cold,Grass,289.6
A.T. Perry,NO,WR,2023,8,12,18,246.0,30.75,4,20.5,0.0,0,0.07,0.16,0,0.0,0.0,0,0.0,0.0,0,0,0,0.0,0.0,0.0,0,0,0.33,0.0,0.0,0,319.0,519.0,6.0,195.0,Mercedes-Benz Superdome,indoor,FieldTurf,60.6
AJ McCarron,CIN,QB,2023,2,0,0,0.0,0.0,0,0.0,0.0,0,0.0,0.0,0,0.0,0.0,0,0.0,0.0,0,4,5,0.8,19.0,9.5,0,0,0.0,0.0,1.0,0,0.0,0.0,0.0,0.0,Paul Brown Stadium,cold,FieldTurf,0.76
Aaron Jones,GB,RB,2023,11,30,43,233.0,21.18,1,7.77,1.0,0,0.12,-0.02,142,656.0,59.64,2,0.01,1.0,0,0,0,0.0,0.0,0.0,0,0,0.02,0.0,0.0,0,354.0,724.0,5.0,182.0,Lambeau Field,cold,Grass,134.9
Aaron Rodgers,NYJ,QB,2023,1,0,0,0.0,0.0,0,0.0,0.0,0,0.0,0.0,0,0.0,0.0,0,0.0,0.0,0,0,1,0.0,0.0,0.0,0,0,0.0,0.0,1.0,0,4.0,58.0,1.0,24.0,MetLife Stadium,cold,FieldTurf,0.0
Adam Thielen,CAR,WR,2023,17,103,137,1014.0,59.65,4,9.84,2.0,1,0.25,0.26,1,6.0,0.35,0,0.0,0.0,0,0,0,0.0,0.0,0.0,0,0,0.04,0.0,0.0,0,1045.0,1160.0,0.0,0.0,Bank of America Stadium,moderate,Grass,231.0
Adam Trautman,DEN,TE,2023,16,22,35,204.0,12.75,3,9.27,0.0,0,0.08,0.09,0,0.0,0.0,0,0.0,0.0,0,0,0,0.0,0.0,0.0,0,0,0.14,0.0,0.0,0,697.0,1009.0,3.0,105.0,Empower Field at Mile High,cold,Grass,60.4
Aidan O'Connell,LV,QB,2023,11,0,0,0.0,0.0,0,0.0,0.0,0,0.0,0.0,17,11.0,1.0,1,0.06,1.0,0,213,343,0.62,2218.0,201.64,12,0,0.04,7.0,24.0,3,641.0,695.0,4.0,135.0,Allegiant Stadium,indoor,Grass,125.82
Albert Okwuegbunam,PHI,TE,2023,1,0,1,0.0,0.0,0,0.0,0.0,0,0.02,0.03,0,0.0,0.0,0,0.0,0.0,0,0,0,0.0,0.0,0.0,0,0,0.0,0.0,0.0,0,32.0,73.0,4.0,118.0,Lincoln Financial Field,cold,Grass,0.0
Alec Pierce,IND,WR,2023,17,32,65,514.0,30.24,2,16.06,0.0,0,0.12,0.23,0,0.0,0.0,0,0.0,0.0,0,0,0,0.0,0.0,0.0,0,0,0.06,0.0,0.0,0,1090.0,1155.0,2.0,53.0,Lucas Oil Stadium,indoor,FieldTurf,95.4
Alex Armah,WAS,RB,2023,3,3,3,13.0,4.33,0,4.33,0.0,0,0.03,-0.02,0,0.0,0.0,0,0.0,0.0,0,0,0,0.0,0.0,0.0,0,0,0.0,0.0,0.0,0,20.0,185.0,0.0,0.0,FedEx Field,moderate,Grass,4.3
Alex Erickson,LAC,WR,2023,8,16,29,232.0,29.0,1,14.5,0.0,0,0.09,0.14,0,0.0,0.0,0,0.0,0.0,0,0,0,0.0,0.0,0.0,0,0,0.06,0.0,0.0,0,329.0,547.0,0.0,0.0,Dignity Health Sports Park,warm,Grass,45.2
Alexander Mattison,MIN,RB,2023,16,30,44,192.0,12.0,3,6.4,0.0,0,0.08,0.01,180,700.0,43.75,0,0.0,2.0,0,0,0,0.0,0.0,0.0,0,0,0.01,0.0,0.0,0,579.0,1059.0,3.0,102.0,U.S. Bank Stadium,indoor,FieldTurf,133.2
Allen Lazard,NYJ,WR,2023,13,23,49,311.0,23.92,1,13.52,0.0,0,0.12,0.21,0,0.0,0.0,0,0.0,0.0,0,0,0,0.0,0.0,0.0,0,0,0.04,0.0,0.0,0,636.0,841.0,0.0,0.0,MetLife Stadium,cold,FieldTurf,60.1
Allen Robinson,PIT,WR,2023,15,34,49,280.0,18.67,0,8.24,0.0,0,0.11,0.11,0,0.0,0.0,0,0.0,0.0,0,0,0,0.0,0.0,0.0,0,0,0.0,0.0,0.0,0,673.0,941.0,2.0,61.0,Heinz Field,cold,Grass,62.0
Alvin Kamara,NO,RB,2023,13,75,86,466.0,35.85,1,6.21,0.0,1,0.19,0.0,180,694.0,53.38,5,0.03,0.0,2,0,0,0.0,0.0,0.0,0,0,0.02,0.0,0.0,0,558.0,896.0,3.0,67.0,Mercedes-Benz Superdome,indoor,FieldTurf,233.0
Amari Cooper,CLE,WR,2023,15,72,128,1250.0,83.33,5,17.36,2.0,1,0.24,0.41,0,0.0,0.0,0,0.0,0.0,0,0,0,0.0,0.0,0.0,0,0,0.07,0.0,0.0,0,883.0,1139.0,1.0,4.0,FirstEnergy Stadium,cold,Grass,227.0
Amari Rodgers,IND,WR,2023,1,0,2,0.0,0.0,0,0.0,0.0,0,0.04,0.08,0,0.0,0.0,0,0.0,0.0,0,0,0,0.0,0.0,0.0,0,0,0.0,0.0,0.0,0,20.0,77.0,3.0,85.0,Lucas Oil Stadium,indoor,FieldTurf,0.0
Ameer Abdullah,LV,RB,2023,16,19,24,131.0,8.19,0,6.89,0.0,0,0.05,0.01,15,89.0,5.56,0,0.0,0.0,0,0,0,0.0,0.0,0.0,0,0,0.0,0.0,0.0,0,206.0,981.0,2.0,54.0,Allegiant Stadium,indoor,Grass,41.0
Amon-Ra St. Brown,DET,WR,2023,16,119,164,1515.0,94.69,10,12.73,1.0,0,0.3,0.33,4,24.0,1.5,0,0.0,0.0,0,0,0,0.0,0.0,0.0,0,0,0.08,0.0,1.0,0,1010.0,1126.0,4.0,112.0,Ford Field,indoor,FieldTurf,330.9
Andrei Iosivas,CIN,WR,2023,9,15,25,116.0,12.89,4,7.73,0.0,0,0.08,0.13,0,0.0,0.0,0,0.0,0.0,0,0,0,0.0,0.0,0.0,0,0,0.27,0.0,0.0,0,208.0,576.0,0.0,0.0,Paul Brown Stadium,cold,FieldTurf,50.6
Andrew Ogletree,IND,TE,2023,10,9,21,147.0,14.7,2,16.33,0.0,0,0.07,0.08,0,0.0,0.0,0,0.0,0.0,0,0,0,0.0,0.0,0.0,0,0,0.22,0.0,0.0,0,283.0,699.0,0.0,0.0,Lucas Oil Stadium,indoor,FieldTurf,35.7
Andy Dalton,CAR,QB,2023,2,0,0,0.0,0.0,0,0.0,0.0,0,0.0,0.0,3,12.0,6.0,0,0.0,0.0,0,34,58,0.59,361.0,180.5,2,0,0.03,0.0,3.0,0,80.0,179.0,2.0,35.0,Bank of America Stadium,moderate,Grass,23.64
Anthony McFarland,PIT,RB,2023,1,2,2,11.0,11.0,0,5.5,0.0,0,0.04,0.01,0,0.0,0.0,0,0.0,0.0,0,0,0,0.0,0.0,0.0,0,0,0.0,0.0,0.0,0,0.0,0.0,4.0,124.0,Heinz Field,cold,Grass,3.1
Anthony Richardson,IND,QB,2023,4,0,0,0.0,0.0,0,0.0,0.0,0,0.0,0.0,25,136.0,34.0,4,0.16,2.0,0,50,84,0.6,577.0,144.25,3,2,0.06,1.0,7.0,1,173.0,260.0,1.0,4.0,Lucas Oil Stadium,indoor,FieldTurf,72.68
Antoine Green,DET,WR,2023,2,1,2,2.0,1.0,0,2.0,0.0,0,0.03,0.01,0,0.0,0.0,0,0.0,0.0,0,0,0,0.0,0.0,0.0,0,0,0.0,0.0,0.0,0,40.0,139.0,7.0,219.0,Ford Field,indoor,FieldTurf,1.2
Antonio Gibson,WAS,RB,2023,16,48,59,389.0,24.31,2,8.1,2.0,0,0.11,-0.0,65,265.0,16.56,1,0.02,1.0,0,0,0,0.0,0.0,0.0,0,0,0.03,0.0,0.0,0,473.0,1037.0,0.0,0.0,FedEx Field,moderate,Grass,127.4
Austin Ekeler,LAC,RB,2023,14,51,74,436.0,31.14,1,8.55,2.0,0,0.15,-0.03,179,628.0,44.86,5,0.03,3.0,0,0,0,0.0,0.0,0.0,0,0,0.03,0.0,0.0,0,630.0,968.0,0.0,0.0,Dignity Health Sports Park,warm,Grass,185.4
Austin Hooper,LV,TE,2023,16,25,31,234.0,14.62,0,9.36,0.0,0,0.07,0.04,0,0.0,0.0,0,0.0,0.0,0,0,0,0.0,0.0,0.0,0,0,0.0,0.0,0.0,0,502.0,984.0,3.0,81.0,Allegiant Stadium,indoor,Grass,48.4
Austin Trammell,LA,WR,2023,2,4,7,29.0,14.5,0,7.25,0.0,0,0.12,0.08,0,0.0,0.0,0,0.0,0.0,0,0,0,0.0,0.0,0.0,0,0,0.0,0.0,0.0,0,49.0,127.0,0.0,0.0,Los Angeles Memorial Coliseum,warm,Grass,6.9
Bailey Zappe,NE,QB,2023,10,0,0,0.0,0.0,0,0.0,0.0,0,0.0,0.0,17,83.0,8.3,1,0.06,0.0,0,127,212,0.6,1272.0,127.2,6,0,0.03,9.0,25.0,2,413.0,587.0,4.0,137.0,Gillette Stadium,cold,FieldTurf,69.18
Baker Mayfield,TB,QB,2023,17,0,0,0.0,0.0,0,0.0,0.0,0,0.0,0.0,62,163.0,9.59,1,0.02,2.0,0,364,566,0.64,4044.0,237.88,28,2,0.05,10.0,40.0,6,1100.0,1104.0,1.0,1.0,Raymond James Stadium,warm,Grass,274.06
Ben Sims,GB,TE,2023,6,4,6,21.0,3.5,1,5.25,0.0,0,0.03,0.02,0,0.0,0.0,0,0.0,0.0,0,0,0,0.0,0.0,0.0,0,0,0.25,0.0,0.0,0,98.0,379.0,0.0,0.0,Lambeau Field,cold,Grass,12.1
Ben Skowronek,LA,WR,2023,9,8,12,66.0,7.33,1,8.25,0.0,0,0.04,0.04,2,9.0,1.0,0,0.0,0.0,0,0,0,0.0,0.0,0.0,0,0,0.1,0.0,0.0,0,158.0,591.0,0.0,0.0,Los Angeles Memorial Coliseum,warm,Grass,21.5
Bijan Robinson,ATL,RB,2023,17,58,86,487.0,28.65,4,8.4,0.0,0,0.17,-0.01,214,976.0,57.41,4,0.02,4.0,0,0,0,0.0,0.0,0.0,0,0,0.03,0.0,0.0,0,771.0,1134.0,1.0,8.0,Mercedes-Benz Stadium,indoor,FieldTurf,246.3
Blaine Gabbert,KC,QB,2023,2,0,0,0.0,0.0,0,0.0,0.0,0,0.0,0.0,7,45.0,22.5,0,0.0,0.0,0,18,35,0.51,185.0,92.5,0,0,0.0,3.0,1.0,0,79.0,136.0,1.0,10.0,Arrowhead Stadium,cold,Grass,5.9
Blake Bell,KC,TE,2023,6,5,9,26.0,4.33,1,5.2,1.0,0,0.04,0.02,0,0.0,0.0,0,0.0,0.0,0,0,0,0.0,0.0,0.0,0,0,0.2,0.0,0.0,0,106.0,393.0,4.0,117.0,Arrowhead Stadium,cold,Grass,11.6
Bo Melton,GB,WR,2023,4,16,24,218.0,54.5,1,13.62,0.0,0,0.19,0.26,3,21.0,5.25,0,0.0,0.0,0,0,0,0.0,0.0,0.0,0,0,0.05,0.0,0.0,0,137.0,261.0,7.0,229.0,Lambeau Field,cold,Grass,45.9
Boston Scott,PHI,RB,2023,10,4,6,52.0,5.2,0,13.0,0.0,0,0.02,0.01,20,86.0,8.6,0,0.0,0.0,0,0,0,0.0,0.0,0.0,0,0,0.0,0.0,0.0,0,67.0,655.0,0.0,0.0,Lincoln Financial Field,cold,Grass,17.8
Brandin Cooks,DAL,WR,2023,16,54,81,657.0,41.06,8,12.17,1.0,1,0.14,0.23,5,35.0,2.19,0,0.0,0.0,0,0,0,0.0,0.0,0.0,0,0,0.14,0.0,0.0,0,809.0,1104.0,1.0,20.0,AT&T Stadium,indoor,FieldTurf,173.2
Brandon Aiyuk,SF,WR,2023,16,75,105,1342.0,83.88,7,17.89,1.0,0,0.25,0.41,0,0.0,0.0,0,0.0,0.0,0,0,0,0.0,0.0,0.0,0,0,0.09,0.0,0.0,0,803.0,993.0,1.0,25.0,Levi's Stadium,moderate,Grass,249.2
Brandon Bolden,LV,RB,2023,3,0,0,0.0,0.0,0,0.0,0.0,0,0.0,0.0,4,31.0,10.33,1,0.25,0.0,1,0,0,0.0,0.0,0.0,0,0,0.25,0.0,0.0,0,5.0,184.0,0.0,0.0,Allegiant Stadium,indoor,Grass,11.1
Brandon Johnson,DEN,WR,2023,10,19,30,284.0,28.4,4,14.95,0.0,1,0.1,0.14,0,0.0,0.0,0,0.0,0.0,0,0,0,0.0,0.0,0.0,0,0,0.21,0.0,0.0,0,301.0,625.0,0.0,0.0,Empower Field at Mile High,cold,Grass,73.4
Brandon Powell,MIN,WR,2023,13,29,44,324.0,24.92,1,11.17,0.0,0,0.1,0.09,5,17.0,1.31,0,0.0,0.0,0,0,0,0.0,0.0,0.0,0,0,0.03,0.0,0.0,0,404.0,887.0,0.0,0.0,U.S. Bank Stadium,indoor,FieldTurf,69.1
Braxton Berrios,MIA,WR,2023,13,27,33,238.0,18.31,1,8.81,0.0,0,0.08,0.07,1,11.0,0.85,0,0.0,0.0,0,0,0,0.0,0.0,0.0,0,0,0.04,0.0,0.0,0,384.0,849.0,6.0,210.0,Hard Rock Stadium,warm,Grass,57.9
Breece Hall,NYJ,RB,2023,17,76,95,591.0,34.76,4,7.78,0.0,0,0.16,-0.01,223,994.0,58.47,5,0.02,2.0,1,0,0,0.0,0.0,0.0,0,0,0.03,0.0,0.0,0,667.0,1112.0,2.0,36.0,MetLife Stadium,cold,FieldTurf,290.5
Brenton Strange,JAX,TE,2023,5,5,9,35.0,7.0,1,7.0,0.0,0,0.06,0.06,0,0.0,0.0,0,0.0,0.0,0,0,0,0.0,0.0,0.0,0,0,0.2,0.0,0.0,0,123.0,346.0,2.0,61.0,TIAA Bank Field,warm,Grass,14.5
Brevin Jordan,HOU,TE,2023,9,17,21,219.0,24.33,2,12.88,0.0,0,0.07,0.04,0,0.0,0.0,0,0.0,0.0,0,0,0,0.0,0.0,0.0,0,0,0.12,0.0,0.0,0,225.0,602.0,5.0,147.0,NRG Stadium,indoor,Grass,50.9
Brian Hoyer,LV,QB,2023,2,0,0,0.0,0.0,0,0.0,0.0,0,0.0,0.0,3,-3.0,-1.5,0,0.0,0.0,0,23,42,0.55,231.0,115.5,0,0,0.0,2.0,1.0,0,78.0,136.0,0.0,0.0,Allegiant Stadium,indoor,Grass,4.94
Brian Robinson,WAS,RB,2023,15,36,43,368.0,24.53,4,10.22,1.0,0,0.08,-0.02,178,733.0,48.87,5,0.03,3.0,1,0,0,0.0,0.0,0.0,0,0,0.04,0.0,0.0,0,0.0,0.0,3.0,98.0,FedEx Field,moderate,Grass,198.1
Britain Covey,PHI,WR,2023,2,4,6,42.0,21.0,0,10.5,0.0,0,0.09,0.08,0,0.0,0.0,0,0.0,0.0,0,0,0,0.0,0.0,0.0,0,0,0.0,0.0,0.0,0,36.0,165.0,0.0,0.0,Lincoln Financial Field,cold,Grass,8.2
Brock Purdy,SF,QB,2023,16,0,0,0.0,0.0,0,0.0,0.0,0,0.0,0.0,39,144.0,9.0,2,0.05,2.0,0,308,444,0.69,4280.0,267.5,31,0,0.07,11.0,28.0,4,936.0,1011.0,7.0,262.0,Levi's Stadium,moderate,Grass,295.6
Brock Wright,DET,TE,2023,8,13,14,91.0,11.38,1,7.0,0.0,0,0.05,0.02,0,0.0,0.0,0,0.0,0.0,0,0,0,0.0,0.0,0.0,0,0,0.08,0.0,0.0,0,262.0,562.0,0.0,0.0,Ford Field,indoor,FieldTurf,28.1
Bryce Young,CAR,QB,2023,16,0,0,0.0,0.0,0,0.0,0.0,0,0.0,0.0,39,253.0,15.81,0,0.0,2.0,1,315,527,0.6,2877.0,179.81,11,1,0.02,10.0,62.0,9,1067.0,1072.0,1.0,1.0,Bank of America Stadium,moderate,Grass,156.38
Brycen Hopkins,LA,TE,2023,4,5,7,78.0,19.5,0,15.6,0.0,0,0.06,0.09,0,0.0,0.0,0,0.0,0.0,0,0,0,0.0,0.0,0.0,0,0,0.0,0.0,0.0,0,51.0,297.0,4.0,136.0,Los Angeles Memorial Coliseum,warm,Grass,12.8
Byron Pringle,WAS,WR,2023,12,14,22,161.0,13.42,0,11.5,0.0,0,0.05,0.09,0,0.0,0.0,0,0.0,0.0,0,0,0,0.0,0.0,0.0,0,0,0.0,0.0,0.0,0,148.0,829.0,0.0,0.0,FedEx Field,moderate,Grass,30.1
C.J. Beathard,JAX,QB,2023,6,0,0,0.0,0.0,0,0.0,0.0,0,0.0,0.0,8,35.0,5.83,0,0.0,1.0,0,40,53,0.75,349.0,58.17,1,0,0.02,0.0,6.0,0,105.0,392.0,3.0,104.0,TIAA Bank Field,warm,Grass,21.46
C.J. Stroud,HOU,QB,2023,15,1,1,0.0,0.0,0,0.0,0.0,0,0.0,0.0,39,157.0,10.47,3,0.08,2.0,1,319,499,0.64,4108.0,273.87,23,0,0.05,5.0,38.0,6,967.0,984.0,1.0,2.0,NRG Stadium,indoor,Grass,275.02
C.J. Uzomah,NYJ,TE,2023,7,8,12,58.0,8.29,1,7.25,0.0,0,0.05,0.03,0,0.0,0.0,0,0.0,0.0,0,0,0,0.0,0.0,0.0,0,0,0.12,0.0,0.0,0,183.0,463.0,0.0,0.0,MetLife Stadium,cold,FieldTurf,19.8
Cade Otton,TB,TE,2023,16,47,67,455.0,28.44,4,9.68,1.0,1,0.13,0.1,0,0.0,0.0,0,0.0,0.0,0,0,0,0.0,0.0,0.0,0,0,0.09,0.0,0.0,0,1003.0,1050.0,4.0,106.0,Raymond James Stadium,warm,Grass,116.5
Calvin Austin,PIT,WR,2023,14,17,30,180.0,12.86,1,10.59,0.0,0,0.07,0.13,11,57.0,4.07,1,0.09,0.0,0,0,0,0.0,0.0,0.0,0,0,0.07,0.0,0.0,0,341.0,884.0,4.0,138.0,Heinz Field,cold,Grass,52.7
Calvin Ridley,JAX,WR,2023,17,76,136,1016.0,59.76,8,13.37,1.0,1,0.23,0.36,9,23.0,1.35,0,0.0,0.0,0,0,0,0.0,0.0,0.0,0,0,0.09,0.0,0.0,0,993.0,1176.0,1.0,26.0,TIAA Bank Field,warm,Grass,229.9
Cam Akers,MIN,RB,2023,6,11,12,70.0,11.67,0,6.36,0.0,0,0.06,-0.01,38,138.0,23.0,1,0.03,0.0,0,0,0,0.0,0.0,0.0,0,0,0.02,0.0,1.0,0,111.0,395.0,2.0,52.0,U.S. Bank Stadium,indoor,FieldTurf,37.8
Carson Wentz,LA,QB,2023,1,0,0,0.0,0.0,0,0.0,0.0,0,0.0,0.0,17,56.0,56.0,1,0.06,0.0,0,17,24,0.71,163.0,163.0,2,1,0.07,1.0,2.0,0,67.0,67.0,1.0,2.0,Los Angeles Memorial Coliseum,warm,Grass,26.12
Case Keenum,HOU,QB,2023,2,0,0,0.0,0.0,0,0.0,0.0,0,0.0,0.0,2,1.0,0.5,0,0.0,1.0,0,34,53,0.64,291.0,145.5,1,0,0.02,3.0,6.0,0,113.0,153.0,0.0,0.0,NRG Stadium,indoor,Grass,9.74
Cedric Tillman,CLE,WR,2023,11,21,44,224.0,20.36,0,10.67,0.0,0,0.11,0.13,1,8.0,0.73,0,0.0,0.0,0,0,0,0.0,0.0,0.0,0,0,0.0,0.0,0.0,0,578.0,784.0,3.0,74.0,FirstEnergy Stadium,cold,Grass,44.2
CeeDee Lamb,DAL,WR,2023,17,135,181,1749.0,102.88,12,12.96,3.0,1,0.29,0.36,14,113.0,6.65,2,0.14,0.0,0,0,0,0.0,0.0,0.0,0,0,0.09,0.0,0.0,0,991.0,1193.0,1.0,17.0,AT&T Stadium,indoor,FieldTurf,405.2
Charlie Jones,CIN,WR,2023,5,7,9,64.0,12.8,0,9.14,0.0,0,0.05,0.1,2,13.0,2.6,0,0.0,0.0,0,0,0,0.0,0.0,0.0,0,0,0.0,0.0,0.0,0,35.0,270.0,4.0,131.0,Paul Brown Stadium,cold,FieldTurf,20.7
Charlie Kolar,BAL,TE,2023,6,7,9,87.0,14.5,1,12.43,0.0,0,0.06,0.09,0,0.0,0.0,0,0.0,0.0,0,0,0,0.0,0.0,0.0,0,0,0.14,0.0,0.0,0,137.0,385.0,4.0,128.0,M&T Bank Stadium,moderate,FieldTurf,21.7
Charlie Woerner,SF,TE,2023,3,3,3,32.0,10.67,0,10.67,0.0,0,0.04,0.02,0,0.0,0.0,0,0.0,0.0,0,0,0,0.0,0.0,0.0,0,0,0.0,0.0,0.0,0,87.0,183.0,6.0,190.0,Levi's Stadium,moderate,Grass,6.2
Chase Brown,CIN,RB,2023,10,14,15,156.0,15.6,1,11.14,0.0,0,0.05,-0.03,44,179.0,17.9,0,0.0,1.0,0,0,0,0.0,0.0,0.0,0,0,0.02,0.0,0.0,0,92.0,664.0,5.0,163.0,Paul Brown Stadium,cold,FieldTurf,53.5
Chase Claypool,MIA,WR,2023,4,4,7,26.0,6.5,0,6.5,0.0,0,0.06,0.05,0,0.0,0.0,0,0.0,0.0,0,0,0,0.0,0.0,0.0,0,0,0.0,0.0,0.0,0,30.0,264.0,2.0,49.0,Hard Rock Stadium,warm,Grass,6.6
Chase Edmonds,TB,RB,2023,13,14,17,81.0,6.23,0,5.79,0.0,0,0.04,-0.01,49,176.0,13.54,0,0.0,0.0,0,0,0,0.0,0.0,0.0,0,0,0.0,0.0,0.0,0,156.0,860.0,4.0,134.0,Raymond James Stadium,warm,Grass,39.7
Chigoziem Okonkwo,TEN,TE,2023,17,54,77,528.0,31.06,1,9.78,0.0,0,0.16,0.13,2,6.0,0.35,0,0.0,0.0,0,0,0,0.0,0.0,0.0,0,0,0.02,0.0,0.0,0,692.0,1058.0,4.0,143.0,Nissan Stadium,moderate,Grass,113.4
Chris Conley,SF,WR,2023,1,3,6,69.0,69.0,0,23.0,0.0,0,0.24,0.29,0,0.0,0.0,0,0.0,0.0,0,0,0,0.0,0.0,0.0,0,0,0.0,0.0,0.0,0,43.0,62.0,3.0,76.0,Levi's Stadium,moderate,Grass,9.9
Chris Evans,CIN,RB,2023,1,1,1,-1.0,-1.0,0,-1.0,0.0,0,0.03,0.0,2,12.0,12.0,0,0.0,0.0,0,0,0,0.0,0.0,0.0,0,0,0.0,0.0,0.0,0,7.0,59.0,6.0,202.0,Paul Brown Stadium,cold,FieldTurf,2.1
Chris Godwin,TB,WR,2023,17,83,130,1024.0,60.24,2,12.34,0.0,1,0.24,0.26,4,38.0,2.24,1,0.25,0.0,0,0,1,0.0,0.0,0.0,0,0,0.03,0.0,0.0,0,892.0,1108.0,3.0,84.0,Raymond James Stadium,warm,Grass,209.2
Chris Manhertz,DEN,TE,2023,4,2,4,16.0,4.0,0,8.0,0.0,0,0.04,0.01,0,0.0,0.0,0,0.0,0.0,0,0,0,0.0,0.0,0.0,0,0,0.0,0.0,0.0,0,88.0,238.0,0.0,0.0,Empower Field at Mile High,cold,Grass,3.6
Chris Moore,TEN,WR,2023,15,22,35,424.0,28.27,0,19.27,1.0,0,0.09,0.18,2,39.0,2.6,0,0.0,0.0,0,0,0,0.0,0.0,0.0,0,0,0.0,0.0,0.0,0,531.0,931.0,4.0,107.0,Nissan Stadium,moderate,Grass,68.3
Chris Olave,NO,WR,2023,16,87,138,1123.0,70.19,5,12.91,0.0,1,0.25,0.4,0,0.0,0.0,0,0.0,0.0,0,0,0,0.0,0.0,0.0,0,0,0.06,0.0,0.0,0,814.0,1108.0,1.0,11.0,Mercedes-Benz Superdome,indoor,FieldTurf,231.3
Chris Rodriguez,WAS,RB,2023,8,2,2,12.0,1.5,0,6.0,0.0,0,0.01,-0.0,51,247.0,30.88,2,0.04,1.0,0,0,0,0.0,0.0,0.0,0,0,0.04,0.0,0.0,0,94.0,533.0,0.0,0.0,FedEx Field,moderate,Grass,37.9
Christian Kirk,JAX,WR,2023,12,57,85,787.0,65.58,3,13.81,2.0,0,0.21,0.29,1,6.0,0.5,0,0.0,0.0,0,1,2,0.5,-1.0,-0.08,0,0,0.05,0.0,0.0,0,585.0,866.0,2.0,47.0,TIAA Bank Field,warm,Grass,150.26
Christian McCaffrey,SF,RB,2023,16,67,83,564.0,35.25,7,8.42,1.0,0,0.19,0.04,272,1459.0,91.19,14,0.05,2.0,0,0,0,0.0,0.0,0.0,0,0,0.06,0.0,0.0,0,812.0,1013.0,1.0,8.0,Levi's Stadium,moderate,Grass,391.3
Christian Watson,GB,WR,2023,9,28,53,422.0,46.89,5,15.07,0.0,0,0.18,0.33,4,11.0,1.22,0,0.0,0.0,0,0,0,0.0,0.0,0.0,0,0,0.16,0.0,0.0,0,446.0,582.0,2.0,34.0,Lambeau Field,cold,Grass,101.3
Chuba Hubbard,CAR,RB,2023,17,39,44,233.0,13.71,0,5.97,1.0,0,0.08,-0.01,238,902.0,53.06,5,0.02,0.0,0,0,0,0.0,0.0,0.0,0,0,0.02,0.0,0.0,0,678.0,1157.0,4.0,126.0,Bank of America Stadium,moderate,Grass,182.5
Clayton Tune,ARI,QB,2023,6,0,0,0.0,0.0,0,0.0,0.0,0,0.0,0.0,8,30.0,5.0,1,0.12,1.0,1,12,21,0.57,62.0,10.33,0,0,0.03,2.0,7.0,1,59.0,353.0,5.0,139.0,State Farm Stadium,indoor,Grass,7.48
Clyde Edwards-Helaire,KC,RB,2023,15,17,22,188.0,12.53,1,11.06,0.0,0,0.04,-0.02,70,223.0,14.87,1,0.01,0.0,0,0,0,0.0,0.0,0.0,0,0,0.02,0.0,0.0,0,227.0,1024.0,1.0,32.0,Arrowhead Stadium,cold,Grass,70.1
Cody Thompson,SEA,WR,2023,1,1,1,10.0,10.0,0,10.0,0.0,0,0.04,0.05,0,0.0,0.0,0,0.0,0.0,0,0,0,0.0,0.0,0.0,0,0,0.0,0.0,0.0,0,6.0,55.0,0.0,0.0,CenturyLink Field,moderate,FieldTurf,2.0
Colby Parkinson,SEA,TE,2023,14,25,34,247.0,17.64,2,9.88,0.0,0,0.08,0.07,0,0.0,0.0,0,0.0,0.0,0,0,0,0.0,0.0,0.0,0,0,0.08,0.0,0.0,0,426.0,867.0,4.0,133.0,CenturyLink Field,moderate,FieldTurf,61.7
Cole Fotheringham,LV,TE,2023,1,1,1,6.0,6.0,0,6.0,0.0,0,0.05,0.01,0,0.0,0.0,0,0.0,0.0,0,0,0,0.0,0.0,0.0,0,0,0.0,0.0,0.0,0,19.0,55.0,0.0,0.0,Allegiant Stadium,indoor,Grass,1.6
Cole Kmet,CHI,TE,2023,15,73,90,719.0,47.93,6,9.85,1.0,0,0.21,0.18,3,2.0,0.13,0,0.0,0.0,0,0,0,0.0,0.0,0.0,0,0,0.08,0.0,0.0,0,802.0,999.0,2.0,43.0,Soldier Field,cold,Grass,181.1
Cole Turner,WAS,TE,2023,7,11,15,120.0,17.14,0,10.91,0.0,0,0.07,0.06,0,0.0,0.0,0,0.0,0.0,0,0,0,0.0,0.0,0.0,0,0,0.0,0.0,0.0,0,105.0,481.0,5.0,149.0,FedEx Field,moderate,Grass,23.0
Collin Johnson,CHI,WR,2023,1,1,1,11.0,11.0,0,11.0,0.0,0,0.03,0.03,0,0.0,0.0,0,0.0,0.0,0,0,0,0.0,0.0,0.0,0,0,0.0,0.0,0.0,0,11.0,74.0,5.0,165.0,Soldier Field,cold,Grass,2.1
Colton Dowell,TEN,WR,2023,2,1,2,3.0,1.5,0,3.0,0.0,0,0.04,0.07,0,0.0,0.0,0,0.0,0.0,0,0,0,0.0,0.0,0.0,0,0,0.0,0.0,0.0,0,29.0,133.0,0.0,0.0,Nissan Stadium,moderate,Grass,1.3
Connor Heyward,PIT,TE,2023,11,23,34,167.0,15.18,0,7.26,0.0,0,0.1,0.06,1,0.0,0.0,0,0.0,0.0,0,0,1,0.0,0.0,0.0,0,0,0.0,0.0,0.0,0,318.0,716.0,6.0,208.0,Heinz Field,cold,Grass,39.7
Cooper Kupp,LA,WR,2023,12,59,95,737.0,61.42,5,12.49,0.0,1,0.26,0.27,1,-3.0,-0.25,0,0.0,0.0,0,0,0,0.0,0.0,0.0,0,0,0.08,0.0,0.0,0,710.0,788.0,3.0,69.0,Los Angeles Memorial Coliseum,warm,Grass,164.4
Cooper Rush,DAL,QB,2023,7,0,0,0.0,0.0,0,0.0,0.0,0,0.0,0.0,12,-5.0,-0.71,0,0.0,0.0,0,18,24,0.75,144.0,20.57,0,0,0.0,1.0,1.0,0,69.0,467.0,0.0,0.0,AT&T Stadium,indoor,FieldTurf,3.26
Cordarrelle Patterson,ATL,RB,2023,12,9,12,38.0,3.17,1,4.22,0.0,0,0.04,0.0,50,181.0,15.08,0,0.0,1.0,0,0,0,0.0,0.0,0.0,0,0,0.02,0.0,0.0,0,168.0,821.0,0.0,0.0,Mercedes-Benz Stadium,indoor,FieldTurf,36.9
Courtland Sutton,DEN,WR,2023,16,59,90,772.0,48.25,10,13.08,3.0,0,0.21,0.36,0,0.0,0.0,0,0.0,0.0,0,0,0,0.0,0.0,0.0,0,0,0.17,0.0,0.0,0,782.0,1009.0,2.0,40.0,Empower Field at Mile High,cold,Grass,190.2
Craig Reynolds,DET,RB,2023,6,5,5,47.0,7.83,0,9.4,0.0,0,0.02,-0.01,41,179.0,29.83,1,0.02,1.0,0,0,0,0.0,0.0,0.0,0,0,0.02,0.0,0.0,0,117.0,431.0,0.0,0.0,Ford Field,indoor,FieldTurf,31.6
Curtis Samuel,WAS,WR,2023,16,62,91,613.0,38.31,4,9.89,0.0,0,0.17,0.16,7,39.0,2.44,1,0.14,0.0,0,0,0,0.0,0.0,0.0,0,0,0.07,0.0,0.0,0,571.0,1038.0,2.0,40.0,FedEx Field,moderate,Grass,157.2
D'Andre Swift,PHI,RB,2023,16,39,49,214.0,13.38,1,5.49,1.0,0,0.1,0.0,229,1049.0,65.56,5,0.02,2.0,0,0,0,0.0,0.0,0.0,0,0,0.02,0.0,0.0,0,630.0,1090.0,2.0,35.0,Lincoln Financial Field,cold,Grass,199.3
D'Ernest Johnson,JAX,RB,2023,15,10,12,140.0,9.33,0,14.0,0.0,0,0.02,0.0,41,108.0,7.2,0,0.0,0.0,0,0,0,0.0,0.0,0.0,0,0,0.0,0.0,0.0,0,191.0,1052.0,0.0,0.0,TIAA Bank Field,warm,Grass,34.8
D'Onta Foreman,CHI,RB,2023,9,11,16,77.0,8.56,1,7.0,0.0,0,0.06,0.0,109,425.0,47.22,4,0.04,1.0,0,0,0,0.0,0.0,0.0,0,0,0.04,0.0,0.0,0,269.0,639.0,3.0,89.0,Soldier Field,cold,Grass,91.2
D'Wayne Eskridge,SEA,WR,2023,3,0,1,0.0,0.0,0,0.0,0.0,0,0.01,0.02,2,5.0,1.67,0,0.0,0.0,0,0,0,0.0,0.0,0.0,0,0,0.0,0.0,0.0,0,18.0,174.0,2.0,56.0,CenturyLink Field,moderate,FieldTurf,0.5
D.J. Chark,CAR,WR,2023,14,35,66,525.0,37.5,5,15.0,2.0,0,0.15,0.31,0,0.0,0.0,0,0.0,0.0,0,0,0,0.0,0.0,0.0,0,0,0.14,0.0,0.0,0,0.0,0.0,2.0,61.0,Bank of America Stadium,moderate,Grass,115.5
D.J. Montgomery,IND,WR,2023,2,3,8,56.0,28.0,1,18.67,0.0,0,0.13,0.17,0,0.0,0.0,0,0.0,0.0,0,0,0,0.0,0.0,0.0,0,0,0.33,0.0,0.0,0,103.0,138.0,0.0,0.0,Lucas Oil Stadium,indoor,FieldTurf,14.6
D.J. Moore,CHI,WR,2023,17,96,136,1364.0,80.24,8,14.21,1.0,0,0.29,0.43,4,21.0,1.24,1,0.25,0.0,0,0,0,0.0,0.0,0.0,0,0,0.09,0.0,0.0,0,1029.0,1145.0,1.0,24.0,Soldier Field,cold,Grass,286.5
DK Metcalf,SEA,WR,2023,16,66,119,1114.0,69.62,8,16.88,0.0,0,0.22,0.4,0,0.0,0.0,0,0.0,0.0,0,0,0,0.0,0.0,0.0,0,0,0.12,0.0,0.0,0,0.0,0.0,0.0,0.0,CenturyLink Field,moderate,FieldTurf,225.4
Dak Prescott,DAL,QB,2023,17,0,0,0.0,0.0,0,0.0,0.0,0,0.0,0.0,55,242.0,14.24,2,0.04,1.0,0,410,590,0.69,4516.0,265.65,36,2,0.06,9.0,39.0,2,1115.0,1186.0,4.0,135.0,AT&T Stadium,indoor,FieldTurf,342.84
Dallas Goedert,PHI,TE,2023,14,59,83,592.0,42.29,3,10.03,0.0,0,0.19,0.12,1,1.0,0.07,0,0.0,0.0,0,0,0,0.0,0.0,0.0,0,0,0.05,0.0,0.0,0,809.0,963.0,2.0,49.0,Lincoln Financial Field,cold,Grass,136.3
Dalton Kincaid,BUF,TE,2023,16,73,91,673.0,42.06,2,9.22,1.0,0,0.18,0.13,0,0.0,0.0,0,0.0,0.0,0,0,0,0.0,0.0,0.0,0,0,0.03,0.0,0.0,0,699.0,1111.0,1.0,25.0,New Era Field,cold,FieldTurf,150.3
Dalton Schultz,HOU,TE,2023,15,59,88,635.0,42.33,5,10.76,1.0,0,0.18,0.15,0,0.0,0.0,0,0.0,0.0,0,0,0,0.0,0.0,0.0,0,0,0.08,0.0,0.0,0,739.0,1017.0,4.0,137.0,NRG Stadium,indoor,Grass,150.5
Dameon Pierce,HOU,RB,2023,13,13,17,101.0,7.77,0,7.77,0.0,0,0.04,0.0,145,416.0,32.0,2,0.01,0.0,0,0,0,0.0,0.0,0.0,0,0,0.01,0.0,0.0,0,297.0,875.0,4.0,107.0,NRG Stadium,indoor,Grass,82.7
Damien Harris,BUF,RB,2023,6,2,2,16.0,2.67,0,8.0,0.0,0,0.01,0.0,23,94.0,15.67,1,0.04,0.0,0,0,0,0.0,0.0,0.0,0,0,0.04,0.0,0.0,0,60.0,388.0,3.0,87.0,New Era Field,cold,FieldTurf,19.0
Damien Williams,ARI,RB,2023,3,2,2,12.0,4.0,0,6.0,0.0,0,0.02,0.0,11,43.0,14.33,0,0.0,0.0,0,0,0,0.0,0.0,0.0,0,0,0.0,0.0,0.0,0,28.0,219.0,0.0,0.0,State Farm Stadium,indoor,Grass,7.5
Daniel Bellinger,NYG,TE,2023,13,25,28,255.0,19.62,0,10.2,0.0,0,0.08,0.06,0,0.0,0.0,0,0.0,0.0,0,0,0,0.0,0.0,0.0,0,0,0.0,0.0,0.0,0,529.0,830.0,4.0,112.0,MetLife Stadium,cold,FieldTurf,50.5
Daniel Jones,NYG,QB,2023,6,0,0,0.0,0.0,0,0.0,0.0,0,0.0,0.0,40,206.0,34.33,1,0.02,1.0,0,108,160,0.68,909.0,151.5,2,0,0.02,6.0,30.0,3,325.0,401.0,1.0,6.0,MetLife Stadium,cold,FieldTurf,56.96
Dare Ogunbowale,HOU,RB,2023,6,2,7,18.0,3.0,0,9.0,0.0,0,0.03,0.02,8,35.0,5.83,0,0.0,0.0,0,0,0,0.0,0.0,0.0,0,0,0.0,0.0,0.0,0,100.0,427.0,0.0,0.0,NRG Stadium,indoor,Grass,7.3
Darius Slayton,NYG,WR,2023,17,50,79,770.0,45.29,4,15.4,0.0,0,0.16,0.31,0,0.0,0.0,0,0.0,0.0,0,0,0,0.0,0.0,0.0,0,0,0.08,0.0,0.0,0,896.0,1110.0,5.0,171.0,MetLife Stadium,cold,FieldTurf,151.0
Darnell Mooney,CHI,WR,2023,14,31,61,414.0,29.57,1,13.35,0.0,0,0.15,0.25,2,5.0,0.36,0,0.0,0.0,0,0,0,0.0,0.0,0.0,0,0,0.03,0.0,0.0,0,751.0,968.0,5.0,173.0,Soldier Field,cold,Grass,78.9
Darnell Washington,PIT,TE,2023,8,7,10,61.0,7.62,0,8.71,0.0,0,0.04,0.0,0,0.0,0.0,0,0.0,0.0,0,0,0,0.0,0.0,0.0,0,0,0.0,0.0,0.0,0,259.0,517.0,3.0,93.0,Heinz Field,cold,Grass,13.1
Darrell Henderson,LA,RB,2023,4,10,14,103.0,25.75,0,10.3,0.0,0,0.12,-0.0,46,112.0,28.0,2,0.04,0.0,0,0,0,0.0,0.0,0.0,0,0,0.04,0.0,0.0,0,126.0,256.0,3.0,70.0,Los Angeles Memorial Coliseum,warm,Grass,43.5
Darren Waller,NYG,TE,2023,12,52,74,552.0,46.0,1,10.62,0.0,0,0.21,0.3,0,0.0,0.0,0,0.0,0.0,0,0,0,0.0,0.0,0.0,0,0,0.02,0.0,0.0,0,568.0,825.0,0.0,0.0,MetLife Stadium,cold,FieldTurf,113.2
Darrynton Evans,MIA,RB,2023,1,0,0,0.0,0.0,0,0.0,0.0,0,0.0,0.0,2,16.0,16.0,0,0.0,0.0,0,0,0,0.0,0.0,0.0,0,0,0.0,0.0,0.0,0,5.0,72.0,3.0,93.0,Hard Rock Stadium,warm,Grass,1.6
Davante Adams,LV,WR,2023,17,103,175,1144.0,67.29,8,11.11,0.0,0,0.33,0.45,0,0.0,0.0,0,0.0,0.0,0,0,0,0.0,0.0,0.0,0,0,0.08,0.0,0.0,0,963.0,1056.0,2.0,53.0,Allegiant Stadium,indoor,Grass,265.4
David Bell,CLE,WR,2023,9,14,23,167.0,18.56,3,11.93,0.0,0,0.08,0.06,0,0.0,0.0,0,0.0,0.0,0,0,0,0.0,0.0,0.0,0,0,0.21,0.0,0.0,0,186.0,656.0,3.0,99.0,FirstEnergy Stadium,cold,Grass,48.7
David Montgomery,DET,RB,2023,14,16,24,117.0,8.36,0,7.31,0.0,0,0.05,-0.01,219,1015.0,72.5,13,0.06,2.0,1,0,0,0.0,0.0,0.0,0,0,0.06,0.0,0.0,0,453.0,956.0,3.0,73.0,Ford Field,indoor,FieldTurf,207.2
David Moore,TB,WR,2023,6,5,7,94.0,15.67,1,18.8,0.0,0,0.04,0.03,0,0.0,0.0,0,0.0,0.0,0,0,0,0.0,0.0,0.0,0,0,0.2,0.0,0.0,0,97.0,388.0,0.0,0.0,Raymond James Stadium,warm,Grass,20.4
David Njoku,CLE,TE,2023,16,81,123,882.0,55.12,6,10.89,2.0,0,0.21,0.13,0,0.0,0.0,0,0.0,0.0,0,0,0,0.0,0.0,0.0,0,0,0.07,0.0,0.0,0,970.0,1195.0,1.0,29.0,FirstEnergy Stadium,cold,Grass,201.2
David Wells,TB,TE,2023,1,2,2,-10.0,-10.0,0,-5.0,1.0,0,0.06,0.0,0,0.0,0.0,0,0.0,0.0,0,0,0,0.0,0.0,0.0,0,0,0.0,0.0,0.0,0,18.0,72.0,0.0,0.0,Raymond James Stadium,warm,Grass,1.0
Davis Allen,LA,TE,2023,4,10,11,95.0,23.75,1,9.5,0.0,0,0.09,0.03,0,0.0,0.0,0,0.0,0.0,0,0,0,0.0,0.0,0.0,0,0,0.1,0.0,0.0,0,140.0,290.0,5.0,175.0,Los Angeles Memorial Coliseum,warm,Grass,25.5
Davis Mills,HOU,QB,2023,5,0,0,0.0,0.0,0,0.0,0.0,0,0.0,0.0,2,9.0,1.8,0,0.0,0.0,0,18,39,0.46,173.0,34.6,2,1,0.05,0.0,2.0,0,50.0,400.0,3.0,67.0,NRG Stadium,indoor,Grass,17.82
Dawson Knox,BUF,TE,2023,10,22,36,186.0,18.6,2,8.45,0.0,1,0.11,0.08,0,0.0,0.0,0,0.0,0.0,0,0,0,0.0,0.0,0.0,0,0,0.09,0.0,0.0,0,415.0,682.0,3.0,96.0,New Era Field,cold,FieldTurf,54.6
DeAndre Carter,LV,WR,2023,8,4,7,39.0,4.88,0,9.75,0.0,0,0.03,0.0,3,18.0,2.25,0,0.0,0.0,0,0,0,0.0,0.0,0.0,0,0,0.0,0.0,0.0,0,71.0,496.0,0.0,0.0,Allegiant Stadium,indoor,Grass,9.7
DeAndre Hopkins,TEN,WR,2023,17,75,137,1057.0,62.18,7,14.09,0.0,0,0.28,0.42,2,9.0,0.53,0,0.0,0.0,0,0,1,0.0,0.0,0.0,0,0,0.09,0.0,0.0,0,758.0,1060.0,1.0,27.0,Nissan Stadium,moderate,Grass,223.6
DeVante Parker,NE,WR,2023,13,33,55,394.0,30.31,0,11.94,0.0,0,0.14,0.21,0,0.0,0.0,0,0.0,0.0,0,0,0,0.0,0.0,0.0,0,0,0.0,0.0,0.0,0,580.0,789.0,1.0,14.0,Gillette Stadium,cold,FieldTurf,72.4
DeVonta Smith,PHI,WR,2023,16,81,112,1066.0,66.62,7,13.16,1.0,0,0.23,0.34,0,0.0,0.0,0,0.0,0.0,0,0,0,0.0,0.0,0.0,0,0,0.09,0.0,0.0,0,1043.0,1085.0,0.0,0.0,Lincoln Financial Field,cold,Grass,227.6
DeeJay Dallas,SEA,RB,2023,10,6,9,26.0,2.6,0,4.33,0.0,0,0.03,-0.0,10,36.0,3.6,0,0.0,0.0,0,0,0,0.0,0.0,0.0,0,0,0.0,0.0,1.0,0,95.0,643.0,4.0,144.0,CenturyLink Field,moderate,FieldTurf,12.2
Deebo Samuel,SF,WR,2023,15,60,89,892.0,59.47,7,14.87,1.0,0,0.21,0.17,37,225.0,15.0,5,0.14,0.0,0,0,1,0.0,0.0,0.0,0,0,0.12,0.0,0.0,0,708.0,958.0,2.0,36.0,Levi's Stadium,moderate,Grass,243.7
Demarcus Robinson,LA,WR,2023,8,26,39,371.0,46.38,4,14.27,2.0,0,0.14,0.24,1,23.0,2.88,0,0.0,0.0,0,0,0,0.0,0.0,0.0,0,0,0.15,0.0,0.0,0,353.0,543.0,4.0,126.0,Los Angeles Memorial Coliseum,warm,Grass,87.4
Demario Douglas,NE,WR,2023,14,49,79,561.0,40.07,0,11.45,1.0,0,0.18,0.23,8,41.0,2.93,0,0.0,0.0,0,0,0,0.0,0.0,0.0,0,0,0.0,0.0,0.0,0,481.0,876.0,0.0,0.0,Gillette Stadium,cold,FieldTurf,107.2
Deon Jackson,NYG,RB,2023,1,0,0,0.0,0.0,0,0.0,0.0,0,0.0,0.0,1,2.0,2.0,0,0.0,0.0,0,0,0,0.0,0.0,0.0,0,0,0.0,0.0,0.0,0,1.0,50.0,0.0,0.0,MetLife Stadium,cold,FieldTurf,0.2
Deonte Harty,BUF,WR,2023,12,15,21,150.0,12.5,1,10.0,0.0,0,0.05,0.07,4,0.0,0.0,0,0.0,0.0,0,0,0,0.0,0.0,0.0,0,0,0.05,0.0,0.0,0,140.0,818.0,0.0,0.0,New Era Field,cold,FieldTurf,42.0
Derek Carr,NO,QB,2023,17,0,0,0.0,0.0,0,0.0,0.0,0,0.0,0.0,32,40.0,2.35,0,0.0,2.0,0,375,548,0.68,3878.0,228.12,25,2,0.04,8.0,31.0,5,978.0,1168.0,2.0,36.0,Mercedes-Benz Superdome,indoor,FieldTurf,241.12
Derius Davis,LAC,WR,2023,14,15,17,66.0,4.71,0,4.4,0.0,0,0.04,-0.01,14,101.0,7.21,0,0.0,0.0,0,0,0,0.0,0.0,0.0,0,0,0.0,0.0,0.0,0,140.0,961.0,4.0,125.0,Dignity Health Sports Park,warm,Grass,37.7
Derrick Gore,WAS,RB,2023,2,0,0,0.0,0.0,0,0.0,0.0,0,0.0,0.0,3,26.0,13.0,0,0.0,0.0,0,0,0,0.0,0.0,0.0,0,0,0.0,0.0,0.0,0,4.0,125.0,0.0,0.0,FedEx Field,moderate,Grass,2.6
Derrick Henry,TEN,RB,2023,17,28,36,214.0,12.59,0,7.64,0.0,0,0.08,-0.03,280,1167.0,68.65,12,0.04,0.0,0,2,3,0.67,14.0,0.82,2,0,0.05,0.0,0.0,0,558.0,1055.0,2.0,45.0,Nissan Stadium,moderate,Grass,246.66
Deshaun Watson,CLE,QB,2023,6,0,0,0.0,0.0,0,0.0,0.0,0,0.0,0.0,26,142.0,23.67,1,0.04,1.0,3,105,171,0.61,1115.0,185.83,7,0,0.04,4.0,17.0,3,383.0,458.0,1.0,12.0,FirstEnergy Stadium,cold,Grass,86.8
Desmond Ridder,ATL,QB,2023,15,1,1,-6.0,-0.4,0,-6.0,0.0,0,0.0,-0.01,53,193.0,12.87,5,0.09,6.0,0,249,388,0.64,2836.0,189.07,12,2,0.04,12.0,31.0,6,850.0,996.0,3.0,74.0,Mercedes-Benz Stadium,indoor,FieldTurf,181.14
Deuce Vaughn,DAL,RB,2023,6,7,7,40.0,6.67,0,5.71,0.0,0,0.03,-0.0,23,40.0,6.67,0,0.0,0.0,0,0,0,0.0,0.0,0.0,0,0,0.0,0.0,0.0,0,61.0,417.0,6.0,212.0,AT&T Stadium,indoor,FieldTurf,15.0
Deven Thompkins,TB,WR,2023,12,17,25,83.0,6.92,1,4.88,1.0,0,0.06,0.05,8,56.0,4.67,0,0.0,0.0,0,0,0,0.0,0.0,0.0,0,0,0.04,0.0,0.0,0,208.0,778.0,0.0,0.0,Raymond James Stadium,warm,Grass,34.9
Devin Duvernay,BAL,WR,2023,6,4,9,18.0,3.0,0,4.5,0.0,0,0.05,0.05,4,15.0,2.5,0,0.0,0.0,0,0,0,0.0,0.0,0.0,0,0,0.0,0.0,0.0,0,99.0,418.0,3.0,92.0,M&T Bank Stadium,moderate,FieldTurf,7.3
Devin Singletary,HOU,RB,2023,17,30,38,193.0,11.35,0,6.43,0.0,0,0.07,0.0,216,898.0,52.82,4,0.02,1.0,0,1,1,1.0,6.0,0.35,1,0,0.02,0.0,0.0,0,629.0,1142.0,3.0,74.0,NRG Stadium,indoor,Grass,167.34
Devine Ozigbo,DET,RB,2023,1,1,1,8.0,8.0,0,8.0,0.0,0,0.02,0.01,3,5.0,5.0,0,0.0,0.0,0,0,0,0.0,0.0,0.0,0,0,0.0,0.0,0.0,0,6.0,67.0,0.0,0.0,Ford Field,indoor,FieldTurf,2.3
Diontae Johnson,PIT,WR,2023,13,51,87,717.0,55.15,5,14.06,1.0,0,0.24,0.42,0,0.0,0.0,0,0.0,0.0,0,0,0,0.0,0.0,0.0,0,0,0.1,0.0,0.0,0,590.0,838.0,3.0,66.0,Heinz Field,cold,Grass,152.7
Donald Parham,LAC,TE,2023,13,27,41,285.0,21.92,4,10.56,0.0,0,0.09,0.08,0,0.0,0.0,0,0.0,0.0,0,0,0,0.0,0.0,0.0,0,0,0.15,0.0,0.0,0,432.0,901.0,0.0,0.0,Dignity Health Sports Park,warm,Grass,79.5
Donovan Peoples-Jones,DET,WR,2023,6,5,7,58.0,9.67,0,11.6,0.0,0,0.04,0.05,0,0.0,0.0,0,0.0,0.0,0,0,0,0.0,0.0,0.0,0,0,0.0,0.0,0.0,0,61.0,389.0,6.0,187.0,Ford Field,indoor,FieldTurf,10.8
Dontayvion Wicks,GB,WR,2023,15,39,58,581.0,38.73,4,14.9,3.0,0,0.11,0.15,1,1.0,0.07,0,0.0,0.0,0,1,1,1.0,14.0,0.93,0,0,0.1,0.0,0.0,0,458.0,974.0,5.0,159.0,Lambeau Field,cold,Grass,119.76
Dorian Thompson-Robinson,CLE,QB,2023,7,0,0,0.0,0.0,0,0.0,0.0,0,0.0,0.0,14,65.0,9.29,0,0.0,1.0,1,60,112,0.54,440.0,62.86,1,0,0.01,4.0,6.0,1,209.0,567.0,5.0,140.0,FirstEnergy Stadium,cold,Grass,22.1
Drake London,ATL,WR,2023,16,69,110,905.0,56.56,2,13.12,0.0,1,0.23,0.31,0,0.0,0.0,0,0.0,0.0,0,1,1,1.0,22.0,1.38,0,0,0.03,0.0,0.0,0,860.0,1069.0,1.0,8.0,Mercedes-Benz Stadium,indoor,FieldTurf,174.38
Drew Lock,SEA,QB,2023,4,0,0,0.0,0.0,0,0.0,0.0,0,0.0,0.0,5,14.0,3.5,0,0.0,0.0,0,48,76,0.63,543.0,135.75,3,0,0.04,3.0,6.0,0,145.0,242.0,2.0,42.0,CenturyLink Field,moderate,FieldTurf,29.12
Drew Sample,CIN,TE,2023,14,22,27,163.0,11.64,2,7.41,0.0,0,0.06,0.0,0,0.0,0.0,0,0.0,0.0,0,0,0,0.0,0.0,0.0,0,0,0.09,0.0,0.0,0,437.0,897.0,2.0,52.0,Paul Brown Stadium,cold,FieldTurf,50.3
Durham Smythe,MIA,TE,2023,13,35,43,366.0,28.15,0,10.46,0.0,0,0.1,0.09,0,0.0,0.0,0,0.0,0.0,0,0,0,0.0,0.0,0.0,0,0,0.0,0.0,0.0,0,655.0,868.0,4.0,123.0,Hard Rock Stadium,warm,Grass,71.6
Dyami Brown,WAS,WR,2023,13,12,23,168.0,12.92,1,14.0,0.0,0,0.05,0.1,1,0.0,0.0,0,0.0,0.0,0,1,1,1.0,4.0,0.31,0,0,0.07,0.0,0.0,0,208.0,866.0,3.0,82.0,FedEx Field,moderate,Grass,34.96
Easton Stick,LAC,QB,2023,5,0,0,0.0,0.0,0,0.0,0.0,0,0.0,0.0,27,144.0,28.8,1,0.04,0.0,0,111,174,0.64,1129.0,225.8,3,0,0.02,1.0,14.0,5,320.0,352.0,5.0,166.0,Dignity Health Sports Park,warm,Grass,67.56
Elijah Cooks,JAX,WR,2023,2,3,4,38.0,19.0,0,12.67,0.0,0,0.05,0.04,0,0.0,0.0,0,0.0,0.0,0,0,0,0.0,0.0,0.0,0,0,0.0,0.0,0.0,0,28.0,128.0,0.0,0.0,TIAA Bank Field,warm,Grass,6.8
Elijah Dotson,LAC,RB,2023,1,2,2,13.0,13.0,0,6.5,0.0,0,0.05,0.0,4,6.0,6.0,0,0.0,0.0,0,0,0,0.0,0.0,0.0,0,0,0.0,0.0,0.0,0,9.0,70.0,0.0,0.0,Dignity Health Sports Park,warm,Grass,3.9
Elijah Higgins,ARI,TE,2023,9,14,19,163.0,18.11,1,11.64,0.0,0,0.07,0.06,0,0.0,0.0,0,0.0,0.0,0,0,0,0.0,0.0,0.0,0,0,0.07,0.0,0.0,0,165.0,615.0,0.0,0.0,State Farm Stadium,indoor,Grass,36.3
Elijah Mitchell,SF,RB,2023,11,6,8,14.0,1.27,0,2.33,0.0,0,0.02,-0.01,75,281.0,25.55,2,0.03,0.0,0,0,0,0.0,0.0,0.0,0,0,0.02,0.0,0.0,0,161.0,710.0,6.0,194.0,Levi's Stadium,moderate,Grass,47.5
Elijah Moore,CLE,WR,2023,16,59,104,640.0,40.0,2,10.85,1.0,0,0.18,0.23,9,11.0,0.69,0,0.0,1.0,0,0,0,0.0,0.0,0.0,0,0,0.03,0.0,0.0,0,897.0,1196.0,2.0,34.0,FirstEnergy Stadium,cold,Grass,132.1
Emanuel Wilson,GB,RB,2023,5,4,5,23.0,4.6,0,5.75,0.0,0,0.03,-0.0,14,85.0,17.0,0,0.0,0.0,0,0,0,0.0,0.0,0.0,0,0,0.0,0.0,0.0,0,32.0,341.0,0.0,0.0,Lambeau Field,cold,Grass,14.8
Emari Demercado,ARI,RB,2023,11,21,30,119.0,10.82,0,5.67,0.0,0,0.08,0.01,58,284.0,25.82,2,0.03,0.0,0,0,0,0.0,0.0,0.0,0,0,0.03,0.0,0.0,0,280.0,761.0,0.0,0.0,State Farm Stadium,indoor,Grass,73.3
Equanimeous St. Brown,CHI,WR,2023,5,5,6,62.0,12.4,0,12.4,0.0,0,0.05,0.05,0,0.0,0.0,0,0.0,0.0,0,0,0,0.0,0.0,0.0,0,0,0.0,0.0,0.0,0,150.0,332.0,0.0,0.0,Soldier Field,cold,Grass,11.2
Eric Gray,NYG,RB,2023,5,6,7,22.0,4.4,0,3.67,0.0,0,0.04,-0.01,17,48.0,9.6,0,0.0,1.0,0,0,0,0.0,0.0,0.0,0,0,0.0,0.0,0.0,0,62.0,376.0,5.0,172.0,MetLife Stadium,cold,FieldTurf,13.0
Eric Saubert,HOU,TE,2023,3,3,3,12.0,4.0,0,4.0,0.0,0,0.04,0.0,0,0.0,0.0,0,0.0,0.0,0,0,0,0.0,0.0,0.0,0,0,0.0,0.0,0.0,0,50.0,185.0,5.0,174.0,NRG Stadium,indoor,Grass,4.2
Erik Ezukanma,MIA,WR,2023,2,0,1,0.0,0.0,0,0.0,0.0,0,0.01,0.01,5,22.0,11.0,0,0.0,0.0,0,0,0,0.0,0.0,0.0,0,0,0.0,0.0,0.0,0,29.0,131.0,4.0,125.0,Hard Rock Stadium,warm,Grass,2.2
Evan Engram,JAX,TE,2023,17,114,143,963.0,56.65,4,8.45,3.0,0,0.24,0.15,0,0.0,0.0,0,0.0,0.0,0,0,0,0.0,0.0,0.0,0,0,0.04,0.0,0.0,0,917.0,1173.0,1.0,23.0,TIAA Bank Field,warm,Grass,230.3
Evan Hull,IND,RB,2023,1,1,1,6.0,6.0,0,6.0,0.0,0,0.03,0.01,1,1.0,1.0,0,0.0,0.0,0,0,0,0.0,0.0,0.0,0,0,0.0,0.0,0.0,0,8.0,73.0,0.0,0.0,Lucas Oil Stadium,indoor,FieldTurf,1.7
Ezekiel Elliott,NE,RB,2023,17,51,65,313.0,18.41,2,6.14,1.0,0,0.12,-0.01,184,642.0,37.76,3,0.02,1.0,0,0,0,0.0,0.0,0.0,0,0,0.02,0.0,0.0,0,539.0,1059.0,1.0,4.0,Gillette Stadium,cold,FieldTurf,174.5
Foster Moreau,NO,TE,2023,11,21,25,193.0,17.55,1,9.19,0.0,0,0.07,0.04,0,0.0,0.0,0,0.0,0.0,0,0,0,0.0,0.0,0.0,0,0,0.05,0.0,0.0,0,419.0,765.0,4.0,137.0,Mercedes-Benz Superdome,indoor,FieldTurf,46.3
Gabe Davis,BUF,WR,2023,16,45,81,746.0,46.62,7,16.58,1.0,1,0.15,0.28,1,-2.0,-0.12,0,0.0,0.0,0,0,0,0.0,0.0,0.0,0,0,0.15,0.0,0.0,0,0.0,0.0,0.0,0.0,New Era Field,cold,FieldTurf,161.4
Gardner Minshew,IND,QB,2023,16,0,0,0.0,0.0,0,0.0,0.0,0,0.0,0.0,34,100.0,6.25,3,0.09,0.0,0,305,490,0.62,3305.0,206.56,15,2,0.03,9.0,34.0,8,0.0,0.0,6.0,178.0,Lucas Oil Stadium,indoor,FieldTurf,196.2
Garrett Wilson,NYJ,WR,2023,17,95,168,1042.0,61.29,3,10.97,2.0,0,0.3,0.46,4,0.0,0.0,0,0.0,0.0,0,0,1,0.0,0.0,0.0,0,0,0.03,0.0,0.0,0,1008.0,1107.0,1.0,10.0,MetLife Stadium,cold,FieldTurf,213.2
Gary Brightwell,NYG,RB,2023,3,5,7,47.0,15.67,0,9.4,0.0,0,0.07,-0.02,9,19.0,6.33,0,0.0,0.0,0,0,0,0.0,0.0,0.0,0,0,0.0,0.0,0.0,0,39.0,195.0,6.0,196.0,MetLife Stadium,cold,FieldTurf,11.6
Geno Smith,SEA,QB,2023,15,1,1,-2.0,-0.13,0,-2.0,0.0,0,0.0,-0.0,37,155.0,10.33,1,0.03,1.0,0,323,499,0.65,3624.0,241.6,20,2,0.04,9.0,31.0,4,906.0,932.0,2.0,39.0,CenturyLink Field,moderate,FieldTurf,227.26
Geoff Swaim,ARI,TE,2023,7,10,11,94.0,13.43,0,9.4,0.0,0,0.05,0.04,0,0.0,0.0,0,0.0,0.0,0,0,0,0.0,0.0,0.0,0,0,0.0,0.0,0.0,0,172.0,466.0,0.0,0.0,State Farm Stadium,indoor,Grass,19.4
George Kittle,SF,TE,2023,16,65,90,1020.0,63.75,6,15.69,0.0,0,0.2,0.24,1,2.0,0.12,0,0.0,0.0,0,0,0,0.0,0.0,0.0,0,0,0.09,0.0,0.0,0,895.0,1014.0,5.0,146.0,Levi's Stadium,moderate,Grass,203.2
George Pickens,PIT,WR,2023,17,63,106,1140.0,67.06,5,18.1,3.0,0,0.22,0.38,3,18.0,1.06,0,0.0,0.0,0,0,0,0.0,0.0,0.0,0,0,0.08,0.0,0.0,0,929.0,1078.0,2.0,52.0,Heinz Field,cold,Grass,208.8
Gerald Everett,LAC,TE,2023,15,51,70,411.0,27.4,3,8.06,3.0,0,0.13,0.07,3,10.0,0.67,0,0.0,0.0,0,0,0,0.0,0.0,0.0,0,0,0.06,0.0,0.0,0,572.0,1027.0,2.0,44.0,Dignity Health Sports Park,warm,Grass,111.1
Giovanni Ricci,CAR,TE,2023,1,1,1,2.0,2.0,0,2.0,0.0,0,0.03,0.0,0,0.0,0.0,0,0.0,0.0,0,0,0,0.0,0.0,0.0,0,0,0.0,0.0,0.0,0,8.0,80.0,0.0,0.0,Bank of America Stadium,moderate,Grass,1.2
Grant Calcaterra,PHI,TE,2023,2,4,4,39.0,19.5,0,9.75,0.0,0,0.06,0.01,0,0.0,0.0,0,0.0,0.0,0,0,0,0.0,0.0,0.0,0,0,0.0,0.0,0.0,0,32.0,139.0,6.0,198.0,Lincoln Financial Field,cold,Grass,7.9
Greg Dortch,ARI,WR,2023,9,24,41,280.0,31.11,2,11.67,0.0,0,0.14,0.18,1,5.0,0.56,0,0.0,0.0,0,0,0,0.0,0.0,0.0,0,0,0.08,0.0,0.0,0,390.0,615.0,0.0,0.0,State Farm Stadium,indoor,Grass,64.5
Greg Dulcich,DEN,TE,2023,2,3,4,25.0,12.5,0,8.33,0.0,0,0.08,0.09,0,0.0,0.0,0,0.0,0.0,0,0,0,0.0,0.0,0.0,0,0,0.0,0.0,0.0,0,32.0,117.0,3.0,80.0,Empower Field at Mile High,cold,Grass,5.5
Gunner Olszewski,NYG,WR,2023,1,0,0,0.0,0.0,0,0.0,0.0,0,0.0,0.0,0,0.0,0.0,0,0.0,0.0,0,0,0,0.0,0.0,0.0,0,0,0.0,0.0,0.0,0,2.0,67.0,0.0,0.0,MetLife Stadium,cold,FieldTurf,6.0
Gus Edwards,BAL,RB,2023,17,12,13,180.0,10.59,0,15.0,1.0,0,0.03,0.01,198,810.0,47.65,13,0.07,2.0,1,0,0,0.0,0.0,0.0,0,0,0.06,0.0,0.0,0,470.0,1134.0,0.0,0.0,M&T Bank Stadium,moderate,FieldTurf,187.0
Harrison Bryant,CLE,TE,2023,13,13,20,81.0,6.23,3,6.23,0.0,0,0.04,0.02,5,8.0,0.62,0,0.0,1.0,0,0,0,0.0,0.0,0.0,0,0,0.17,0.0,0.0,0,296.0,965.0,4.0,115.0,FirstEnergy Stadium,cold,Grass,37.9
Hayden Hurst,CAR,TE,2023,9,18,32,184.0,20.44,1,10.22,0.0,0,0.11,0.12,0,0.0,0.0,0,0.0,0.0,0,0,0,0.0,0.0,0.0,0,0,0.06,0.0,0.0,0,318.0,630.0,1.0,25.0,Bank of America Stadium,moderate,Grass,42.4
Hunter Henry,NE,TE,2023,13,42,61,419.0,32.23,6,9.98,1.0,0,0.15,0.19,0,0.0,0.0,0,0.0,0.0,0,0,0,0.0,0.0,0.0,0,0,0.14,0.0,0.0,0,618.0,819.0,2.0,35.0,Gillette Stadium,cold,FieldTurf,119.9
Hunter Luepke,DAL,RB,2023,6,3,4,18.0,3.0,0,6.0,0.0,0,0.02,0.0,6,19.0,3.17,1,0.17,0.0,0,0,0,0.0,0.0,0.0,0,0,0.11,0.0,0.0,0,48.0,412.0,0.0,0.0,AT&T Stadium,indoor,FieldTurf,12.7
Hunter Renfrow,LV,WR,2023,13,25,37,255.0,19.62,0,10.2,1.0,0,0.09,0.07,0,0.0,0.0,0,0.0,0.0,0,0,0,0.0,0.0,0.0,0,0,0.0,0.0,0.0,0,326.0,783.0,5.0,149.0,Allegiant Stadium,indoor,Grass,48.5
Ian Thomas,CAR,TE,2023,7,5,9,56.0,8.0,0,11.2,0.0,0,0.05,0.07,0,0.0,0.0,0,0.0,0.0,0,0,0,0.0,0.0,0.0,0,0,0.0,0.0,0.0,0,151.0,479.0,4.0,101.0,Bank of America Stadium,moderate,Grass,10.6
Ihmir Smith-Marsette,CAR,WR,2023,7,8,10,51.0,7.29,0,6.38,0.0,0,0.06,-0.0,8,74.0,10.57,1,0.12,0.0,0,0,0,0.0,0.0,0.0,0,0,0.06,0.0,0.0,0,94.0,451.0,5.0,157.0,Bank of America Stadium,moderate,Grass,32.5
Irv Smith,CIN,TE,2023,9,18,26,115.0,12.78,1,6.39,1.0,0,0.08,0.05,0,0.0,0.0,0,0.0,0.0,0,0,0,0.0,0.0,0.0,0,0,0.06,0.0,0.0,0,0.0,0.0,2.0,50.0,Paul Brown Stadium,cold,FieldTurf,33.5
Irvin Charles,NYJ,WR,2023,1,0,1,0.0,0.0,0,0.0,0.0,0,0.06,0.03,0,0.0,0.0,0,0.0,0.0,0,0,0,0.0,0.0,0.0,0,0,0.0,0.0,0.0,0,16.0,64.0,0.0,0.0,MetLife Stadium,cold,FieldTurf,0.0
Isaiah Hodgins,NYG,WR,2023,14,21,33,230.0,16.43,3,10.95,1.0,0,0.08,0.1,0,0.0,0.0,0,0.0,0.0,0,0,0,0.0,0.0,0.0,0,0,0.14,0.0,0.0,0,418.0,895.0,6.0,207.0,MetLife Stadium,cold,FieldTurf,60.0
Isaiah Likely,BAL,TE,2023,13,30,40,411.0,31.62,5,13.7,0.0,0,0.11,0.08,0,0.0,0.0,0,0.0,0.0,0,0,0,0.0,0.0,0.0,0,0,0.17,0.0,0.0,0,435.0,879.0,4.0,139.0,M&T Bank Stadium,moderate,FieldTurf,101.1
Isaiah McKenzie,IND,WR,2023,9,11,14,82.0,9.11,0,7.45,0.0,0,0.05,0.03,3,14.0,1.56,0,0.0,0.0,0,0,0,0.0,0.0,0.0,0,0,0.0,0.0,0.0,0,97.0,604.0,5.0,172.0,Lucas Oil Stadium,indoor,FieldTurf,20.6
Isaiah Spiller,LAC,RB,2023,9,6,6,34.0,3.78,0,5.67,0.0,0,0.02,-0.0,37,96.0,10.67,0,0.0,0.0,0,0,0,0.0,0.0,0.0,0,0,0.0,0.0,0.0,0,111.0,612.0,4.0,123.0,Dignity Health Sports Park,warm,Grass,19.0
Isiah Pacheco,KC,RB,2023,14,44,49,244.0,17.43,2,5.55,0.0,0,0.1,-0.04,205,935.0,66.79,7,0.03,1.0,0,0,0,0.0,0.0,0.0,0,0,0.04,0.0,0.0,0,568.0,947.0,7.0,251.0,Arrowhead Stadium,cold,Grass,213.9
Israel Abanikanda,NYJ,RB,2023,6,7,11,43.0,7.17,0,6.14,0.0,0,0.05,0.01,22,70.0,11.67,0,0.0,0.0,0,0,0,0.0,0.0,0.0,0,0,0.0,0.0,0.0,0,77.0,412.0,5.0,143.0,MetLife Stadium,cold,FieldTurf,18.3
J.K. Dobbins,BAL,RB,2023,1,2,3,15.0,15.0,0,7.5,0.0,0,0.14,0.03,8,22.0,22.0,1,0.12,0.0,0,0,0,0.0,0.0,0.0,0,0,0.1,0.0,0.0,0,30.0,64.0,2.0,55.0,M&T Bank Stadium,moderate,FieldTurf,11.7
Ja'Marr Chase,CIN,WR,2023,16,100,145,1216.0,76.0,7,12.16,1.0,0,0.26,0.35,3,-6.0,-0.38,0,0.0,0.0,0,1,1,1.0,-7.0,-0.44,0,0,0.07,0.0,0.0,0,890.0,1033.0,1.0,5.0,Paul Brown Stadium,cold,FieldTurf,262.72
Jack Stoll,PHI,TE,2023,5,5,8,38.0,7.6,0,7.6,0.0,0,0.06,0.02,0,0.0,0.0,0,0.0,0.0,0,0,0,0.0,0.0,0.0,0,0,0.0,0.0,0.0,0,168.0,349.0,0.0,0.0,Lincoln Financial Field,cold,Grass,8.8
Jacoby Brissett,WAS,QB,2023,2,0,0,0.0,0.0,0,0.0,0.0,0,0.0,0.0,3,19.0,9.5,0,0.0,0.0,0,18,23,0.78,224.0,112.0,3,0,0.12,0.0,0.0,0,43.0,122.0,3.0,91.0,FedEx Field,moderate,Grass,22.86
Jahan Dotson,WAS,WR,2023,17,49,83,518.0,30.47,4,10.57,0.0,0,0.14,0.17,0,0.0,0.0,0,0.0,0.0,0,0,0,0.0,0.0,0.0,0,0,0.08,0.0,0.0,0,910.0,1113.0,1.0,16.0,FedEx Field,moderate,Grass,124.8
Jahmyr Gibbs,DET,RB,2023,15,52,71,316.0,21.07,1,6.08,0.0,0,0.13,-0.01,182,945.0,63.0,10,0.05,2.0,0,0,0,0.0,0.0,0.0,0,0,0.05,0.0,0.0,0,596.0,1057.0,1.0,12.0,Ford Field,indoor,FieldTurf,242.1
Jake Bobo,SEA,WR,2023,14,19,25,196.0,14.0,2,10.32,0.0,0,0.06,0.04,1,3.0,0.21,1,1.0,0.0,0,0,0,0.0,0.0,0.0,0,0,0.15,0.0,0.0,0,272.0,898.0,0.0,0.0,CenturyLink Field,moderate,FieldTurf,56.9
Jake Browning,CIN,QB,2023,9,1,1,-7.0,-0.78,0,-7.0,0.0,0,0.0,-0.01,27,127.0,14.11,3,0.11,0.0,0,171,243,0.7,1936.0,215.11,12,1,0.06,7.0,24.0,3,469.0,568.0,0.0,0.0,Paul Brown Stadium,cold,FieldTurf,144.44
Jake Ferguson,DAL,TE,2023,17,71,102,761.0,44.76,5,10.72,0.0,0,0.17,0.11,0,0.0,0.0,0,0.0,0.0,0,0,0,0.0,0.0,0.0,0,0,0.07,0.0,0.0,0,880.0,1195.0,4.0,129.0,AT&T Stadium,indoor,FieldTurf,177.1
Jakobi Meyers,LV,WR,2023,16,71,106,807.0,50.44,8,11.37,0.0,0,0.21,0.27,4,24.0,1.5,2,0.5,0.0,0,2,3,0.67,12.0,0.75,1,0,0.14,0.0,0.0,0,903.0,1011.0,0.0,0.0,Allegiant Stadium,indoor,Grass,218.58
Jaleel McLaughlin,DEN,RB,2023,17,31,36,160.0,9.41,2,5.16,0.0,0,0.08,-0.05,76,410.0,24.12,1,0.01,0.0,0,0,0,0.0,0.0,0.0,0,0,0.03,0.0,0.0,0,193.0,1070.0,0.0,0.0,Empower Field at Mile High,cold,Grass,106.0
Jalen Brooks,DAL,WR,2023,3,6,6,64.0,21.33,0,10.67,0.0,0,0.05,0.02,0,0.0,0.0,0,0.0,0.0,0,0,0,0.0,0.0,0.0,0,0,0.0,0.0,0.0,0,39.0,208.0,7.0,244.0,AT&T Stadium,indoor,FieldTurf,12.4
Jalen Guyton,LAC,WR,2023,7,10,21,89.0,12.71,1,8.9,0.0,0,0.08,0.13,0,0.0,0.0,0,0.0,0.0,0,0,0,0.0,0.0,0.0,0,0,0.1,0.0,0.0,0,252.0,466.0,0.0,0.0,Dignity Health Sports Park,warm,Grass,24.9
Jalen Hurts,PHI,QB,2023,17,0,0,0.0,0.0,0,0.0,0.0,0,0.0,0.0,157,605.0,35.59,15,0.1,4.0,0,352,538,0.65,3858.0,226.94,23,0,0.05,15.0,36.0,5,1103.0,1150.0,2.0,53.0,Lincoln Financial Field,cold,Grass,356.82
Jalen Nailor,MIN,WR,2023,2,3,6,29.0,14.5,0,9.67,0.0,0,0.09,0.1,0,0.0,0.0,0,0.0,0.0,0,0,0,0.0,0.0,0.0,0,0,0.0,0.0,0.0,0,84.0,144.0,6.0,191.0,U.S. Bank Stadium,indoor,FieldTurf,5.9
Jalen Reagor,NE,WR,2023,9,7,23,138.0,15.33,0,19.71,0.0,0,0.08,0.15,1,17.0,1.89,0,0.0,0.0,0,0,0,0.0,0.0,0.0,0,0,0.0,0.0,0.0,0,293.0,526.0,1.0,21.0,Gillette Stadium,cold,FieldTurf,28.5
Jalen Tolbert,DAL,WR,2023,13,22,36,268.0,20.62,2,12.18,0.0,0,0.07,0.13,0,0.0,0.0,0,0.0,0.0,0,0,0,0.0,0.0,0.0,0,0,0.09,0.0,0.0,0,398.0,939.0,3.0,88.0,AT&T Stadium,indoor,FieldTurf,60.8
Jalin Hyatt,NYG,WR,2023,13,23,40,373.0,28.69,0,16.22,1.0,0,0.11,0.27,0,0.0,0.0,0,0.0,0.0,0,0,0,0.0,0.0,0.0,0,0,0.0,0.0,0.0,0,448.0,848.0,3.0,73.0,MetLife Stadium,cold,FieldTurf,60.3
Jamaal Williams,NO,RB,2023,13,18,20,62.0,4.77,0,3.44,0.0,0,0.05,-0.01,106,306.0,23.54,1,0.01,1.0,0,0,0,0.0,0.0,0.0,0,0,0.01,0.0,0.0,0,324.0,887.0,4.0,134.0,Mercedes-Benz Superdome,indoor,FieldTurf,60.8
Jamal Agnew,JAX,WR,2023,8,14,21,225.0,28.12,1,16.07,1.0,0,0.07,0.12,4,-2.0,-0.25,0,0.0,0.0,0,0,0,0.0,0.0,0.0,0,0,0.06,0.0,0.0,0,158.0,558.0,0.0,0.0,TIAA Bank Field,warm,Grass,40.3
Jameis Winston,NO,QB,2023,6,0,0,0.0,0.0,0,0.0,0.0,0,0.0,0.0,5,-6.0,-1.0,0,0.0,0.0,0,25,47,0.53,264.0,44.0,2,0,0.04,3.0,2.0,0,75.0,369.0,1.0,1.0,Mercedes-Benz Superdome,indoor,FieldTurf,11.96
James Conner,ARI,RB,2023,13,27,33,165.0,12.69,2,6.11,0.0,0,0.08,-0.01,208,1040.0,80.0,7,0.03,0.0,0,0,0,0.0,0.0,0.0,0,0,0.04,0.0,0.0,0,533.0,869.0,3.0,105.0,State Farm Stadium,indoor,Grass,201.5
James Cook,BUF,RB,2023,17,44,54,445.0,26.18,4,10.11,1.0,0,0.1,0.03,237,1122.0,66.0,2,0.01,3.0,0,0,0,0.0,0.0,0.0,0,0,0.02,0.0,0.0,0,634.0,1173.0,2.0,63.0,New Era Field,cold,FieldTurf,232.7
James Mitchell,DET,TE,2023,2,2,2,28.0,14.0,0,14.0,0.0,0,0.03,0.03,0,0.0,0.0,0,0.0,0.0,0,0,0,0.0,0.0,0.0,0,0,0.0,0.0,0.0,0,65.0,125.0,5.0,177.0,Ford Field,indoor,FieldTurf,4.8
James Proche,CLE,WR,2023,2,0,5,0.0,0.0,0,0.0,0.0,0,0.09,0.17,0,0.0,0.0,0,0.0,0.0,0,0,0,0.0,0.0,0.0,0,0,0.0,0.0,0.0,0,53.0,129.0,6.0,201.0,FirstEnergy Stadium,cold,Grass,0.0
Jameson Williams,DET,WR,2023,12,24,42,354.0,29.5,2,14.75,1.0,0,0.1,0.22,3,29.0,2.42,1,0.33,0.0,0,0,0,0.0,0.0,0.0,0,0,0.11,0.0,0.0,0,444.0,843.0,1.0,12.0,Ford Field,indoor,FieldTurf,80.3
Jamison Crowder,WAS,WR,2023,7,16,20,159.0,22.71,1,9.94,0.0,0,0.07,0.05,0,0.0,0.0,0,0.0,0.0,0,0,0,0.0,0.0,0.0,0,0,0.06,0.0,0.0,0,107.0,477.0,4.0,105.0,FedEx Field,moderate,Grass,37.9
Jared Goff,DET,QB,2023,17,0,0,0.0,0.0,0,0.0,0.0,0,0.0,0.0,32,21.0,1.24,2,0.06,2.0,0,407,605,0.67,4575.0,269.12,30,2,0.05,12.0,30.0,4,1175.0,1178.0,1.0,1.0,Ford Field,indoor,FieldTurf,289.1
Jaren Hall,MIN,QB,2023,3,0,0,0.0,0.0,0,0.0,0.0,0,0.0,0.0,6,14.0,4.67,0,0.0,0.0,0,13,20,0.65,168.0,56.0,0,0,0.0,1.0,4.0,2,46.0,202.0,5.0,164.0,U.S. Bank Stadium,indoor,FieldTurf,2.12
Jarrett Stidham,DEN,QB,2023,2,0,0,0.0,0.0,0,0.0,0.0,0,0.0,0.0,9,8.0,4.0,0,0.0,1.0,0,40,66,0.61,496.0,248.0,2,0,0.03,1.0,7.0,0,130.0,130.0,4.0,133.0,Empower Field at Mile High,cold,Grass,26.64
Jashaun Corbin,NYG,RB,2023,1,3,3,12.0,12.0,0,4.0,0.0,0,0.12,-0.01,1,1.0,1.0,0,0.0,0.0,0,0,0,0.0,0.0,0.0,0,0,0.0,0.0,0.0,0,15.0,58.0,0.0,0.0,MetLife Stadium,cold,FieldTurf,4.3
Jason Brownlee,NYJ,WR,2023,4,5,8,56.0,14.0,1,11.2,0.0,0,0.06,0.1,0,0.0,0.0,0,0.0,0.0,0,0,0,0.0,0.0,0.0,0,0,0.2,0.0,0.0,0,256.0,290.0,0.0,0.0,MetLife Stadium,cold,FieldTurf,16.6
Jauan Jennings,SF,WR,2023,12,19,33,265.0,22.08,1,13.95,0.0,0,0.1,0.13,0,0.0,0.0,0,0.0,0.0,0,0,0,0.0,0.0,0.0,0,0,0.05,0.0,0.0,0,311.0,762.0,7.0,217.0,Levi's Stadium,moderate,Grass,51.5
Javonte Williams,DEN,RB,2023,16,47,58,228.0,14.25,2,4.85,1.0,1,0.13,-0.04,217,774.0,48.38,3,0.01,0.0,1,0,0,0.0,0.0,0.0,0,0,0.02,0.0,0.0,0,493.0,1016.0,2.0,35.0,Empower Field at Mile High,cold,Grass,179.2
Jaxon Smith-Njigba,SEA,WR,2023,17,63,93,628.0,36.94,4,9.97,0.0,0,0.18,0.14,0,0.0,0.0,0,0.0,0.0,0,0,0,0.0,0.0,0.0,0,0,0.06,0.0,0.0,0,675.0,1055.0,1.0,20.0,CenturyLink Field,moderate,FieldTurf,149.8
Jayden Reed,GB,WR,2023,16,64,94,793.0,49.56,8,12.39,0.0,1,0.18,0.2,11,119.0,7.44,2,0.18,0.0,0,0,0,0.0,0.0,0.0,0,0,0.13,0.0,0.0,0,578.0,1037.0,2.0,50.0,Lambeau Field,cold,Grass,217.2
Jaylen Waddle,MIA,WR,2023,14,72,104,1014.0,72.43,4,14.08,0.0,0,0.24,0.34,3,12.0,0.86,0,0.0,0.0,0,0,0,0.0,0.0,0.0,0,0,0.05,0.0,0.0,0,611.0,911.0,0.0,0.0,Hard Rock Stadium,warm,Grass,198.6
Jaylen Warren,PIT,RB,2023,17,61,74,370.0,21.76,0,6.07,1.0,0,0.16,-0.03,149,784.0,46.12,4,0.03,3.0,0,0,0,0.0,0.0,0.0,0,0,0.02,0.0,0.0,0,518.0,1075.0,0.0,0.0,Heinz Field,cold,Grass,196.4
Jeff Driskel,CLE,QB,2023,1,0,0,0.0,0.0,0,0.0,0.0,0,0.0,0.0,7,33.0,33.0,0,0.0,0.0,0,13,26,0.5,166.0,166.0,2,0,0.06,2.0,3.0,0,53.0,53.0,6.0,207.0,FirstEnergy Stadium,cold,Grass,13.94
Jeremy Ruckert,NYJ,TE,2023,10,16,22,151.0,15.1,0,9.44,0.0,0,0.06,0.06,0,0.0,0.0,0,0.0,0.0,0,0,0,0.0,0.0,0.0,0,0,0.0,0.0,0.0,0,250.0,651.0,3.0,101.0,MetLife Stadium,cold,FieldTurf,31.1
Jerick McKinnon,KC,RB,2023,12,25,32,192.0,16.0,4,7.68,0.0,0,0.07,0.0,21,60.0,5.0,1,0.05,0.0,0,1,1,1.0,4.0,0.33,1,0,0.13,0.0,0.0,0,264.0,818.0,3.0,96.0,Arrowhead Stadium,cold,Grass,84.36
Jerome Ford,CLE,RB,2023,17,44,63,319.0,18.76,5,7.25,0.0,0,0.11,0.01,204,813.0,47.82,4,0.02,0.0,1,0,0,0.0,0.0,0.0,0,0,0.04,0.0,0.0,0,629.0,1247.0,5.0,156.0,FirstEnergy Stadium,cold,Grass,213.2
Jerry Jeudy,DEN,WR,2023,16,54,87,758.0,47.38,2,14.04,1.0,0,0.2,0.37,0,0.0,0.0,0,0.0,0.0,0,0,0,0.0,0.0,0.0,0,0,0.04,0.0,0.0,0,662.0,1018.0,1.0,15.0,Empower Field at Mile High,cold,Grass,141.8
Jesper Horsted,LV,TE,2023,1,1,1,4.0,4.0,0,4.0,0.0,0,0.02,0.01,0,0.0,0.0,0,0.0,0.0,0,0,0,0.0,0.0,0.0,0,0,0.0,0.0,0.0,0,5.0,63.0,0.0,0.0,Allegiant Stadium,indoor,Grass,1.4
Jimmy Garoppolo,LV,QB,2023,7,0,0,0.0,0.0,0,0.0,0.0,0,0.0,0.0,20,39.0,5.57,0,0.0,1.0,0,110,169,0.65,1205.0,172.14,7,1,0.04,9.0,14.0,0,325.0,412.0,2.0,62.0,Allegiant Stadium,indoor,Grass,64.1
Jimmy Graham,NO,TE,2023,5,6,7,39.0,7.8,4,6.5,0.0,0,0.05,0.05,0,0.0,0.0,0,0.0,0.0,0,0,0,0.0,0.0,0.0,0,0,0.67,0.0,0.0,0,64.0,317.0,3.0,95.0,Mercedes-Benz Superdome,indoor,FieldTurf,33.9
Joe Burrow,CIN,QB,2023,10,0,0,0.0,0.0,0,0.0,0.0,0,0.0,0.0,31,88.0,8.8,0,0.0,0.0,0,244,365,0.67,2309.0,230.9,15,0,0.04,6.0,24.0,2,602.0,641.0,1.0,1.0,Paul Brown Stadium,cold,FieldTurf,147.16
Joe Flacco,CLE,QB,2023,5,0,0,0.0,0.0,0,0.0,0.0,0,0.0,0.0,9,2.0,0.4,0,0.0,1.0,0,123,204,0.6,1616.0,323.2,13,1,0.06,8.0,8.0,3,346.0,360.0,1.0,18.0,FirstEnergy Stadium,cold,Grass,100.84
Joe Mixon,CIN,RB,2023,17,52,64,376.0,22.12,3,7.23,0.0,1,0.11,-0.03,257,1034.0,60.82,9,0.04,0.0,0,0,0,0.0,0.0,0.0,0,0,0.04,0.0,0.0,0,752.0,1098.0,0.0,0.0,Paul Brown Stadium,cold,FieldTurf,267.0
John Bates,WAS,TE,2023,14,19,28,151.0,10.79,0,7.95,0.0,0,0.06,0.06,0,0.0,0.0,0,0.0,0.0,0,0,0,0.0,0.0,0.0,0,0,0.0,0.0,0.0,0,424.0,916.0,0.0,0.0,FedEx Field,moderate,Grass,34.1
John FitzPatrick,ATL,TE,2023,1,1,1,12.0,12.0,0,12.0,0.0,0,0.03,0.01,0,0.0,0.0,0,0.0,0.0,0,0,0,0.0,0.0,0.0,0,0,0.0,0.0,0.0,0,10.0,63.0,0.0,0.0,Mercedes-Benz Stadium,indoor,FieldTurf,2.2
Johnny Mundt,MIN,TE,2023,9,17,23,172.0,19.11,1,10.12,0.0,0,0.07,0.03,0,0.0,0.0,0,0.0,0.0,0,0,0,0.0,0.0,0.0,0,0,0.06,0.0,0.0,0,167.0,612.0,0.0,0.0,U.S. Bank Stadium,indoor,FieldTurf,40.2
Jonathan Mingo,CAR,WR,2023,15,43,85,418.0,27.87,0,9.72,1.0,0,0.19,0.26,0,0.0,0.0,0,0.0,0.0,0,0,0,0.0,0.0,0.0,0,0,0.0,0.0,0.0,0,909.0,1029.0,2.0,39.0,Bank of America Stadium,moderate,Grass,84.8
Jonathan Taylor,IND,RB,2023,10,19,23,153.0,15.3,1,8.05,0.0,0,0.08,-0.02,169,741.0,74.1,7,0.04,1.0,0,0,0,0.0,0.0,0.0,0,0,0.04,0.0,0.0,0,386.0,674.0,2.0,41.0,Lucas Oil Stadium,indoor,FieldTurf,156.4
Jonathan Ward,TEN,RB,2023,1,0,0,0.0,0.0,0,0.0,0.0,0,0.0,0.0,3,11.0,11.0,0,0.0,0.0,0,0,0,0.0,0.0,0.0,0,0,0.0,0.0,0.0,0,3.0,60.0,0.0,0.0,Nissan Stadium,moderate,Grass,1.1
Jonathan Williams,WAS,RB,2023,1,0,1,0.0,0.0,0,0.0,0.0,0,0.03,0.0,1,-2.0,-2.0,0,0.0,0.0,0,0,0,0.0,0.0,0.0,0,0,0.0,0.0,0.0,0,13.0,60.0,5.0,156.0,FedEx Field,moderate,Grass,-0.2
Jonnu Smith,ATL,TE,2023,15,50,70,582.0,38.8,3,11.64,1.0,0,0.15,0.12,1,0.0,0.0,0,0.0,0.0,0,0,1,0.0,0.0,0.0,0,0,0.06,0.0,0.0,0,604.0,1021.0,3.0,100.0,Mercedes-Benz Stadium,indoor,FieldTurf,124.2
Jordan Addison,MIN,WR,2023,17,70,108,911.0,53.59,10,13.01,0.0,0,0.18,0.29,1,2.0,0.12,0,0.0,0.0,0,0,0,0.0,0.0,0.0,0,0,0.14,0.0,0.0,0,921.0,1132.0,1.0,23.0,U.S. Bank Stadium,indoor,FieldTurf,221.3
Jordan Akins,CLE,TE,2023,13,15,23,132.0,10.15,0,8.8,0.0,0,0.06,0.03,0,0.0,0.0,0,0.0,0.0,0,0,0,0.0,0.0,0.0,0,0,0.0,0.0,0.0,0,188.0,961.0,3.0,98.0,FirstEnergy Stadium,cold,Grass,28.2
Jordan Love,GB,QB,2023,17,0,0,0.0,0.0,0,0.0,0.0,0,0.0,0.0,50,247.0,14.53,4,0.08,4.0,0,372,579,0.64,4159.0,244.65,32,2,0.06,11.0,30.0,5,1083.0,1097.0,1.0,26.0,Lambeau Field,cold,Grass,319.06
Jordan Mason,SF,RB,2023,9,3,4,31.0,3.44,0,10.33,0.0,0,0.02,0.01,40,206.0,22.89,3,0.08,0.0,0,0,0,0.0,0.0,0.0,0,0,0.07,0.0,0.0,0,94.0,576.0,0.0,0.0,Levi's Stadium,moderate,Grass,44.7
Jordan Mims,NO,RB,2023,1,0,2,0.0,0.0,0,0.0,0.0,0,0.08,0.05,0,0.0,0.0,0,0.0,0.0,0,0,0,0.0,0.0,0.0,0,0,0.0,0.0,0.0,0,3.0,75.0,0.0,0.0,Mercedes-Benz Superdome,indoor,FieldTurf,0.0
Josh Allen,BUF,QB,2023,17,0,0,0.0,0.0,0,0.0,0.0,0,0.0,0.0,111,524.0,30.82,15,0.14,4.0,0,385,579,0.66,4306.0,253.29,29,3,0.06,18.0,24.0,2,1126.0,1166.0,1.0,7.0,New Era Field,cold,FieldTurf,394.64
Josh Downs,IND,WR,2023,17,68,98,771.0,45.35,2,11.34,0.0,0,0.17,0.17,0,0.0,0.0,0,0.0,0.0,0,0,0,0.0,0.0,0.0,0,0,0.03,0.0,0.0,0,788.0,1158.0,3.0,79.0,Lucas Oil Stadium,indoor,FieldTurf,157.1
Josh Jacobs,LV,RB,2023,13,37,54,296.0,22.77,0,8.0,1.0,0,0.14,0.01,233,805.0,61.92,6,0.03,2.0,0,0,0,0.0,0.0,0.0,0,0,0.02,0.0,1.0,0,600.0,793.0,1.0,24.0,Allegiant Stadium,indoor,Grass,181.1
Josh Oliver,MIN,TE,2023,12,22,28,213.0,17.75,2,9.68,1.0,0,0.06,0.02,0,0.0,0.0,0,0.0,0.0,0,0,0,0.0,0.0,0.0,0,0,0.09,0.0,0.0,0,336.0,821.0,3.0,69.0,U.S. Bank Stadium,indoor,FieldTurf,53.3
Josh Palmer,LAC,WR,2023,10,38,61,581.0,58.1,2,15.29,1.0,0,0.18,0.25,1,6.0,0.6,0,0.0,0.0,0,0,0,0.0,0.0,0.0,0,0,0.05,0.0,0.0,0,525.0,710.0,0.0,0.0,Dignity Health Sports Park,warm,Grass,106.7
Josh Reynolds,DET,WR,2023,16,40,64,608.0,38.0,5,15.2,1.0,0,0.12,0.19,0,0.0,0.0,0,0.0,0.0,0,0,0,0.0,0.0,0.0,0,0,0.12,0.0,0.0,0,778.0,1116.0,4.0,117.0,Ford Field,indoor,FieldTurf,128.8
Josh Whyle,TEN,TE,2023,8,9,15,94.0,11.75,1,10.44,0.0,0,0.07,0.06,0,0.0,0.0,0,0.0,0.0,0,0,0,0.0,0.0,0.0,0,0,0.11,0.0,0.0,0,134.0,490.0,5.0,147.0,Nissan Stadium,moderate,Grass,24.4
Joshua Dobbs,MIN,QB,2023,5,0,0,0.0,0.0,0,0.0,0.0,0,0.0,0.0,30,163.0,32.6,3,0.1,3.0,0,95,151,0.63,895.0,179.0,5,1,0.04,5.0,13.0,2,319.0,350.0,4.0,135.0,U.S. Bank Stadium,indoor,FieldTurf,76.1
Joshua Kelley,LAC,RB,2023,17,8,12,32.0,1.88,0,4.0,0.0,0,0.02,0.0,107,405.0,23.82,2,0.02,1.0,0,0,0,0.0,0.0,0.0,0,0,0.02,0.0,0.0,0,392.0,1169.0,4.0,112.0,Dignity Health Sports Park,warm,Grass,61.7
Josiah Deguara,GB,TE,2023,4,8,8,65.0,16.25,0,8.12,0.0,0,0.07,0.03,0,0.0,0.0,0,0.0,0.0,0,0,0,0.0,0.0,0.0,0,0,0.0,0.0,0.0,0,83.0,239.0,3.0,94.0,Lambeau Field,cold,Grass,14.5
JuJu Smith-Schuster,NE,WR,2023,11,29,47,260.0,23.64,1,8.97,0.0,0,0.13,0.14,0,0.0,0.0,0,0.0,0.0,0,0,0,0.0,0.0,0.0,0,0,0.03,0.0,0.0,0,461.0,714.0,2.0,62.0,Gillette Stadium,cold,FieldTurf,61.0
Julian Hill,MIA,TE,2023,6,6,9,48.0,8.0,0,8.0,1.0,0,0.05,0.02,0,0.0,0.0,0,0.0,0.0,0,0,0,0.0,0.0,0.0,0,0,0.0,0.0,0.0,0,198.0,406.0,0.0,0.0,Hard Rock Stadium,warm,Grass,8.8
Julio Jones,PHI,WR,2023,8,11,19,74.0,9.25,3,6.73,0.0,0,0.08,0.06,0,0.0,0.0,0,0.0,0.0,0,0,0,0.0,0.0,0.0,0,0,0.27,0.0,0.0,0,189.0,519.0,1.0,6.0,Lincoln Financial Field,cold,Grass,36.4
Justice Hill,BAL,RB,2023,16,28,39,206.0,12.88,1,7.36,1.0,0,0.09,0.01,84,387.0,24.19,3,0.04,0.0,0,0,0,0.0,0.0,0.0,0,0,0.04,0.0,0.0,0,436.0,1061.0,4.0,113.0,M&T Bank Stadium,moderate,FieldTurf,109.3
Justin Fields,CHI,QB,2023,13,0,0,0.0,0.0,0,0.0,0.0,0,0.0,0.0,124,657.0,50.54,4,0.03,3.0,0,227,370,0.61,2562.0,197.08,16,0,0.04,9.0,44.0,7,829.0,862.0,1.0,11.0,Soldier Field,cold,Grass,230.18
Justin Herbert,LAC,QB,2023,13,1,1,10.0,0.77,0,10.0,0.0,0,0.0,-0.0,52,228.0,17.54,3,0.06,1.0,0,297,456,0.65,3134.0,241.08,20,1,0.05,7.0,29.0,3,838.0,875.0,1.0,6.0,Dignity Health Sports Park,warm,Grass,234.16
Justin Jefferson,MIN,WR,2023,10,68,100,1074.0,107.4,5,15.79,1.0,0,0.28,0.41,1,-12.0,-1.2,0,0.0,0.0,0,0,1,0.0,0.0,0.0,0,0,0.07,0.0,0.0,0,550.0,650.0,1.0,22.0,U.S. Bank Stadium,indoor,FieldTurf,204.2
Justin Watson,KC,WR,2023,15,27,53,460.0,30.67,3,17.04,1.0,0,0.1,0.27,0,0.0,0.0,0,0.0,0.0,0,0,0,0.0,0.0,0.0,0,0,0.11,0.0,0.0,0,496.0,1006.0,0.0,0.0,Arrowhead Stadium,cold,Grass,89.0
Justyn Ross,KC,WR,2023,5,6,11,53.0,10.6,0,8.83,0.0,0,0.06,0.12,0,0.0,0.0,0,0.0,0.0,0,0,0,0.0,0.0,0.0,0,0,0.0,0.0,0.0,0,89.0,346.0,0.0,0.0,Arrowhead Stadium,cold,Grass,11.3
Juwan Johnson,NO,TE,2023,13,37,59,368.0,28.31,4,9.95,0.0,0,0.14,0.14,0,0.0,0.0,0,0.0,0.0,0,0,0,0.0,0.0,0.0,0,0,0.11,0.0,0.0,0,555.0,855.0,0.0,0.0,Mercedes-Benz Superdome,indoor,FieldTurf,97.8
Juwann Winfree,IND,WR,2023,1,0,1,0.0,0.0,0,0.0,0.0,0,0.03,0.09,0,0.0,0.0,0,0.0,0.0,0,0,0,0.0,0.0,0.0,0,0,0.0,0.0,0.0,0,9.0,70.0,0.0,0.0,Lucas Oil Stadium,indoor,FieldTurf,0.0
K.J. Osborn,MIN,WR,2023,15,48,75,540.0,36.0,3,11.25,1.0,0,0.14,0.16,0,0.0,0.0,0,0.0,0.0,0,0,0,0.0,0.0,0.0,0,0,0.06,0.0,0.0,0,788.0,1001.0,5.0,176.0,U.S. Bank Stadium,indoor,FieldTurf,120.0
Kadarius Toney,KC,WR,2023,13,27,38,169.0,13.0,1,6.26,1.0,0,0.08,0.03,11,31.0,2.38,0,0.0,0.0,0,0,1,0.0,0.0,0.0,0,0,0.03,0.0,0.0,0,230.0,873.0,1.0,20.0,Arrowhead Stadium,cold,Grass,53.0
Kalif Raymond,DET,WR,2023,17,35,44,489.0,28.76,1,13.97,0.0,0,0.08,0.1,7,75.0,4.41,0,0.0,0.0,0,0,0,0.0,0.0,0.0,0,0,0.02,0.0,0.0,0,348.0,1187.0,0.0,0.0,Ford Field,indoor,FieldTurf,97.4
Kareem Hunt,CLE,RB,2023,15,15,21,84.0,5.6,0,5.6,0.0,0,0.04,-0.0,135,411.0,27.4,9,0.07,0.0,0,0,0,0.0,0.0,0.0,0,0,0.06,0.0,0.0,0,339.0,1082.0,3.0,86.0,FirstEnergy Stadium,cold,Grass,118.5
Kayshon Boutte,NE,WR,2023,3,2,7,19.0,6.33,0,9.5,0.0,0,0.06,0.18,0,0.0,0.0,0,0.0,0.0,0,0,0,0.0,0.0,0.0,0,0,0.0,0.0,0.0,0,92.0,218.0,6.0,187.0,Gillette Stadium,cold,FieldTurf,3.9
Keaton Mitchell,BAL,RB,2023,7,9,11,93.0,13.29,0,10.33,0.0,0,0.06,-0.0,47,396.0,56.57,2,0.04,0.0,0,0,0,0.0,0.0,0.0,0,0,0.04,0.0,0.0,0,135.0,482.0,0.0,0.0,M&T Bank Stadium,moderate,FieldTurf,69.9
Keelan Doss,LAC,WR,2023,2,6,13,33.0,16.5,0,5.5,0.0,0,0.17,0.17,0,0.0,0.0,0,0.0,0.0,0,0,0,0.0,0.0,0.0,0,0,0.0,0.0,0.0,0,78.0,149.0,0.0,0.0,Dignity Health Sports Park,warm,Grass,9.3
Keenan Allen,LAC,WR,2023,13,108,150,1243.0,95.62,7,11.51,2.0,0,0.31,0.42,2,6.0,0.46,0,0.0,0.0,0,1,2,0.5,49.0,3.77,1,0,0.07,0.0,0.0,0,779.0,881.0,3.0,76.0,Dignity Health Sports Park,warm,Grass,278.86
Keith Kirkwood,NO,WR,2023,7,5,9,37.0,5.29,1,7.4,0.0,0,0.04,0.04,0,0.0,0.0,0,0.0,0.0,0,0,0,0.0,0.0,0.0,0,0,0.2,0.0,0.0,0,132.0,470.0,0.0,0.0,Mercedes-Benz Superdome,indoor,FieldTurf,14.7
Kendre Miller,NO,RB,2023,7,10,11,117.0,16.71,0,11.7,0.0,0,0.05,-0.01,41,156.0,22.29,1,0.02,0.0,0,0,0,0.0,0.0,0.0,0,0,0.02,0.0,0.0,0,109.0,472.0,3.0,71.0,Mercedes-Benz Superdome,indoor,FieldTurf,43.3
Kendrick Bourne,NE,WR,2023,8,37,55,406.0,50.75,4,10.97,1.0,0,0.2,0.24,1,4.0,0.5,0,0.0,0.0,0,0,0,0.0,0.0,0.0,0,0,0.11,0.0,0.0,0,371.0,514.0,0.0,0.0,Gillette Stadium,cold,FieldTurf,100.0
Kene Nwangwu,MIN,RB,2023,3,0,0,0.0,0.0,0,0.0,0.0,0,0.0,0.0,5,13.0,4.33,0,0.0,0.0,0,0,0,0.0,0.0,0.0,0,0,0.0,0.0,0.0,0,13.0,220.0,0.0,0.0,U.S. Bank Stadium,indoor,FieldTurf,1.3
Kenneth Gainwell,PHI,RB,2023,16,30,37,183.0,11.44,0,6.1,0.0,0,0.07,0.02,84,364.0,22.75,2,0.02,3.0,1,1,1,1.0,17.0,1.06,0,0,0.02,0.0,0.0,0,442.0,1081.0,5.0,150.0,Lincoln Financial Field,cold,Grass,97.38
Kenneth Walker,SEA,RB,2023,15,29,37,259.0,17.27,1,8.93,0.0,0,0.08,-0.03,219,905.0,60.33,8,0.04,1.0,0,0,0,0.0,0.0,0.0,0,0,0.04,0.0,0.0,0,0.0,0.0,2.0,41.0,CenturyLink Field,moderate,FieldTurf,199.4
Kenny Pickett,PIT,QB,2023,12,0,0,0.0,0.0,0,0.0,0.0,0,0.0,0.0,42,54.0,4.5,1,0.02,2.0,0,201,324,0.62,2070.0,172.5,6,0,0.02,4.0,23.0,0,670.0,752.0,1.0,20.0,Heinz Field,cold,Grass,110.2
Kenny Yeboah,NYJ,TE,2023,2,2,4,28.0,14.0,0,14.0,0.0,0,0.05,0.06,0,0.0,0.0,0,0.0,0.0,0,0,0,0.0,0.0,0.0,0,0,0.0,0.0,0.0,0,48.0,163.0,0.0,0.0,MetLife Stadium,cold,FieldTurf,4.8
Kenyan Drake,GB,RB,2023,1,0,0,0.0,0.0,0,0.0,0.0,0,0.0,0.0,1,0.0,0.0,0,0.0,0.0,0,0,0,0.0,0.0,0.0,0,0,0.0,0.0,0.0,0,5.0,63.0,3.0,73.0,Lambeau Field,cold,Grass,0.0
Kevin Harris,NE,RB,2023,4,3,3,58.0,14.5,0,19.33,0.0,0,0.03,-0.0,16,65.0,16.25,1,0.06,0.0,0,0,0,0.0,0.0,0.0,0,0,0.05,0.0,0.0,0,34.0,221.0,6.0,183.0,Gillette Stadium,cold,FieldTurf,21.3
Kevin Rader,TEN,TE,2023,2,1,3,6.0,3.0,0,6.0,0.0,0,0.06,0.1,0,0.0,0.0,0,0.0,0.0,0,0,0,0.0,0.0,0.0,0,0,0.0,0.0,0.0,0,29.0,110.0,0.0,0.0,Nissan Stadium,moderate,Grass,1.6
KhaDarel Hodge,ATL,WR,2023,13,14,23,232.0,17.85,0,16.57,0.0,0,0.06,0.09,1,0.0,0.0,0,0.0,1.0,0,0,0,0.0,0.0,0.0,0,0,0.0,0.0,0.0,0,297.0,870.0,0.0,0.0,Mercedes-Benz Stadium,indoor,FieldTurf,37.2
Khalil Herbert,CHI,RB,2023,12,20,31,134.0,11.17,1,6.7,1.0,0,0.1,0.01,132,611.0,50.92,2,0.02,0.0,1,0,0,0.0,0.0,0.0,0,0,0.02,0.0,0.0,0,357.0,801.0,6.0,217.0,Soldier Field,cold,Grass,112.5
Khalil Shakir,BUF,WR,2023,16,39,45,611.0,38.19,2,15.67,0.0,0,0.09,0.1,1,10.0,0.62,0,0.0,0.0,0,0,0,0.0,0.0,0.0,0,0,0.05,0.0,0.0,0,597.0,1100.0,5.0,148.0,New Era Field,cold,FieldTurf,113.1
Kirk Cousins,MIN,QB,2023,8,0,0,0.0,0.0,0,0.0,0.0,0,0.0,0.0,14,25.0,3.12,0,0.0,2.0,0,216,311,0.69,2331.0,291.38,18,0,0.06,5.0,17.0,4,512.0,523.0,4.0,102.0,U.S. Bank Stadium,indoor,FieldTurf,149.74
Ko Kieft,TB,TE,2023,3,1,5,2.0,0.67,1,2.0,0.0,0,0.05,0.08,0,0.0,0.0,0,0.0,0.0,0,0,0,0.0,0.0,0.0,0,0,1.0,0.0,0.0,0,48.0,206.0,0.0,0.0,Raymond James Stadium,warm,Grass,7.2
Kwamie Lassiter,CIN,WR,2023,1,1,1,2.0,2.0,0,2.0,0.0,0,0.02,0.0,0,0.0,0.0,0,0.0,0.0,0,0,0,0.0,0.0,0.0,0,0,0.0,0.0,0.0,0,0.0,0.0,0.0,0.0,Paul Brown Stadium,cold,FieldTurf,1.2
Kyle Allen,BUF,QB,2023,6,0,0,0.0,0.0,0,0.0,0.0,0,0.0,0.0,13,-13.0,-2.17,0,0.0,0.0,0,0,0,0.0,0.0,0.0,0,0,0.0,0.0,0.0,0,36.0,424.0,0.0,0.0,New Era Field,cold,FieldTurf,-1.3
Kyle Philips,TEN,WR,2023,8,15,22,181.0,22.62,0,12.07,0.0,0,0.1,0.09,0,0.0,0.0,0,0.0,0.0,0,0,0,0.0,0.0,0.0,0,0,0.0,0.0,0.0,0,129.0,474.0,5.0,163.0,Nissan Stadium,moderate,Grass,33.1
Kyle Pitts,ATL,TE,2023,17,53,90,667.0,39.24,3,12.58,0.0,0,0.18,0.27,1,-4.0,-0.24,0,0.0,0.0,0,0,0,0.0,0.0,0.0,0,0,0.06,0.0,0.0,0,728.0,1137.0,1.0,4.0,Mercedes-Benz Stadium,indoor,FieldTurf,137.3
Kyle Trask,TB,QB,2023,2,0,0,0.0,0.0,0,0.0,0.0,0,0.0,0.0,1,-1.0,-0.5,0,0.0,0.0,0,0,1,0.0,0.0,0.0,0,0,0.0,0.0,0.0,0,3.0,117.0,2.0,64.0,Raymond James Stadium,warm,Grass,-0.1
Kylen Granson,IND,TE,2023,15,30,50,368.0,24.53,1,12.27,0.0,0,0.11,0.11,1,2.0,0.13,0,0.0,0.0,0,0,0,0.0,0.0,0.0,0,0,0.03,0.0,0.0,0,496.0,1016.0,0.0,0.0,Lucas Oil Stadium,indoor,FieldTurf,73.0
Kyler Murray,ARI,QB,2023,8,0,0,0.0,0.0,0,0.0,0.0,0,0.0,0.0,44,244.0,30.5,3,0.07,5.0,0,176,268,0.66,1799.0,224.88,10,1,0.04,5.0,18.0,2,538.0,548.0,1.0,1.0,State Farm Stadium,indoor,Grass,146.36
Kyren Williams,LA,RB,2023,12,32,48,206.0,17.17,3,6.44,1.0,0,0.11,0.0,228,1144.0,95.33,12,0.05,2.0,1,0,0,0.0,0.0,0.0,0,0,0.06,0.0,0.0,0,678.0,830.0,5.0,164.0,Los Angeles Memorial Coliseum,warm,Grass,255.0
La'Mical Perine,KC,RB,2023,2,3,5,33.0,16.5,0,11.0,0.0,0,0.09,0.01,22,77.0,38.5,0,0.0,0.0,0,0,0,0.0,0.0,0.0,0,0,0.0,0.0,0.0,0,51.0,117.0,4.0,120.0,Arrowhead Stadium,cold,Grass,14.0
Lamar Jackson,BAL,QB,2023,16,0,0,0.0,0.0,0,0.0,0.0,0,0.0,0.0,148,821.0,51.31,5,0.03,4.0,0,307,457,0.67,3678.0,229.88,24,1,0.05,7.0,37.0,7,1040.0,1069.0,1.0,32.0,M&T Bank Stadium,moderate,FieldTurf,331.22
Laquon Treadwell,BAL,WR,2023,1,1,3,16.0,16.0,0,16.0,0.0,0,0.12,0.24,0,0.0,0.0,0,0.0,0.0,0,0,0,0.0,0.0,0.0,0,0,0.0,0.0,0.0,0,43.0,58.0,1.0,23.0,M&T Bank Stadium,moderate,FieldTurf,2.6
Latavius Murray,BUF,RB,2023,15,17,22,119.0,7.93,0,7.0,1.0,0,0.04,0.01,79,300.0,20.0,4,0.05,0.0,0,0,0,0.0,0.0,0.0,0,0,0.04,0.0,0.0,0,344.0,1038.0,0.0,0.0,New Era Field,cold,FieldTurf,82.9
Laviska Shenault,CAR,WR,2023,8,10,10,60.0,7.5,0,6.0,0.0,0,0.04,-0.02,12,55.0,6.88,0,0.0,0.0,0,0,0,0.0,0.0,0.0,0,0,0.0,0.0,0.0,0,0.0,0.0,0.0,0.0,Bank of America Stadium,moderate,Grass,21.5
Lawrence Cager,NYG,TE,2023,3,4,5,36.0,12.0,1,9.0,0.0,0,0.06,0.04,0,0.0,0.0,0,0.0,0.0,0,0,0,0.0,0.0,0.0,0,0,0.25,0.0,0.0,0,36.0,186.0,0.0,0.0,MetLife Stadium,cold,FieldTurf,13.6
Leonard Fournette,BUF,RB,2023,2,0,0,0.0,0.0,0,0.0,0.0,0,0.0,0.0,12,40.0,20.0,0,0.0,0.0,0,0,0,0.0,0.0,0.0,0,0,0.0,0.0,0.0,0,26.0,133.0,1.0,4.0,New Era Field,cold,FieldTurf,4.0
Lil'Jordan Humphrey,DEN,WR,2023,11,13,19,162.0,14.73,3,12.46,0.0,0,0.06,0.08,0,0.0,0.0,0,0.0,0.0,0,0,0,0.0,0.0,0.0,0,0,0.23,0.0,0.0,0,310.0,698.0,0.0,0.0,Empower Field at Mile High,cold,Grass,47.2
Logan Thomas,WAS,TE,2023,16,55,78,496.0,31.0,4,9.02,2.0,1,0.13,0.12,1,2.0,0.12,0,0.0,0.0,0,0,0,0.0,0.0,0.0,0,0,0.07,0.0,0.0,0,732.0,1061.0,0.0,0.0,FedEx Field,moderate,Grass,126.8
Logan Woodside,ATL,QB,2023,1,0,0,0.0,0.0,0,0.0,0.0,0,0.0,0.0,1,6.0,6.0,0,0.0,0.0,0,3,4,0.75,27.0,27.0,0,0,0.0,1.0,1.0,0,10.0,63.0,7.0,249.0,Mercedes-Benz Stadium,indoor,FieldTurf,-0.32
Lucas Krull,DEN,TE,2023,7,8,14,95.0,13.57,1,11.88,0.0,0,0.06,0.08,0,0.0,0.0,0,0.0,0.0,0,0,0,0.0,0.0,0.0,0,0,0.12,0.0,0.0,0,166.0,469.0,0.0,0.0,Empower Field at Mile High,cold,Grass,23.5
Luke Farrell,JAX,TE,2023,9,13,15,155.0,17.22,0,11.92,0.0,0,0.05,0.03,0,0.0,0.0,0,0.0,0.0,0,0,0,0.0,0.0,0.0,0,0,0.0,0.0,0.0,0,257.0,644.0,5.0,145.0,TIAA Bank Field,warm,Grass,28.5
Luke Musgrave,GB,TE,2023,11,34,46,352.0,32.0,1,10.35,0.0,0,0.13,0.11,0,0.0,0.0,0,0.0,0.0,0,0,0,0.0,0.0,0.0,0,0,0.03,0.0,0.0,0,468.0,711.0,2.0,42.0,Lambeau Field,cold,Grass,75.2
Luke Schoonmaker,DAL,TE,2023,11,8,15,65.0,5.91,2,8.12,0.0,0,0.04,0.03,0,0.0,0.0,0,0.0,0.0,0,0,0,0.0,0.0,0.0,0,0,0.25,0.0,0.0,0,259.0,789.0,2.0,58.0,AT&T Stadium,indoor,FieldTurf,26.5
Lynn Bowden,NO,WR,2023,8,11,16,83.0,10.38,0,7.55,0.0,0,0.07,0.04,5,32.0,4.0,0,0.0,1.0,0,0,0,0.0,0.0,0.0,0,0,0.0,0.0,0.0,0,0.0,0.0,3.0,80.0,Mercedes-Benz Superdome,indoor,FieldTurf,22.5
Mac Jones,NE,QB,2023,11,0,0,0.0,0.0,0,0.0,0.0,0,0.0,0.0,26,96.0,8.73,0,0.0,1.0,0,224,345,0.65,2120.0,192.73,10,0,0.03,12.0,22.0,2,635.0,712.0,1.0,15.0,Gillette Stadium,cold,FieldTurf,106.4
Mack Hollins,ATL,WR,2023,9,18,30,251.0,27.89,0,13.94,0.0,0,0.11,0.19,0,0.0,0.0,0,0.0,0.0,0,0,0,0.0,0.0,0.0,0,0,0.0,0.0,0.0,0,277.0,633.0,4.0,118.0,Mercedes-Benz Stadium,indoor,FieldTurf,43.1
Malik Heath,GB,WR,2023,12,15,24,125.0,10.42,1,8.33,0.0,0,0.06,0.06,0,0.0,0.0,0,0.0,0.0,0,0,0,0.0,0.0,0.0,0,0,0.07,0.0,0.0,0,257.0,784.0,0.0,0.0,Lambeau Field,cold,Grass,33.5
Malik Taylor,NYJ,WR,2023,2,2,4,13.0,6.5,0,6.5,0.0,0,0.05,0.13,0,0.0,0.0,0,0.0,0.0,0,0,0,0.0,0.0,0.0,0,0,0.0,0.0,0.0,0,28.0,149.0,0.0,0.0,MetLife Stadium,cold,FieldTurf,3.3
Malik Willis,TEN,QB,2023,2,0,0,0.0,0.0,0,0.0,0.0,0,0.0,0.0,5,21.0,10.5,0,0.0,1.0,0,4,5,0.8,74.0,37.0,0,0,0.0,0.0,4.0,0,20.0,122.0,3.0,86.0,Nissan Stadium,moderate,Grass,3.06
Marcedes Lewis,CHI,TE,2023,5,4,5,29.0,5.8,1,7.25,0.0,0,0.04,0.02,0,0.0,0.0,0,0.0,0.0,0,0,0,0.0,0.0,0.0,0,0,0.25,0.0,0.0,0,127.0,362.0,1.0,28.0,Soldier Field,cold,Grass,12.9
Marcus Mariota,PHI,QB,2023,2,0,0,0.0,0.0,0,0.0,0.0,0,0.0,0.0,8,52.0,26.0,0,0.0,0.0,0,15,23,0.65,164.0,82.0,1,0,0.03,1.0,3.0,1,42.0,137.0,1.0,2.0,Lincoln Financial Field,cold,Grass,11.76
Mark Andrews,BAL,TE,2023,10,45,61,544.0,54.4,6,12.09,1.0,0,0.21,0.19,1,0.0,0.0,0,0.0,0.0,0,0,0,0.0,0.0,0.0,0,0,0.13,0.0,0.0,0,467.0,669.0,3.0,86.0,M&T Bank Stadium,moderate,FieldTurf,135.4
Marquez Valdes-Scantling,KC,WR,2023,16,21,42,315.0,19.69,1,15.0,1.0,0,0.08,0.19,0,0.0,0.0,0,0.0,0.0,0,0,0,0.0,0.0,0.0,0,0,0.05,0.0,0.0,0,618.0,1085.0,5.0,174.0,Arrowhead Stadium,cold,Grass,56.5
Marquise Brown,ARI,WR,2023,13,51,101,574.0,44.15,4,11.25,0.0,0,0.25,0.39,2,23.0,1.77,0,0.0,0.0,0,0,0,0.0,0.0,0.0,0,0,0.08,0.0,0.0,0,760.0,860.0,1.0,25.0,State Farm Stadium,indoor,Grass,134.7
Marquise Goodwin,CLE,WR,2023,10,4,13,67.0,6.7,0,16.75,0.0,0,0.04,0.13,4,33.0,3.3,0,0.0,0.0,0,0,0,0.0,0.0,0.0,0,0,0.0,0.0,0.0,0,102.0,753.0,3.0,78.0,FirstEnergy Stadium,cold,Grass,14.0
Marvin Jones,DET,WR,2023,4,5,10,35.0,8.75,0,7.0,1.0,0,0.08,0.1,0,0.0,0.0,0,0.0,0.0,0,0,0,0.0,0.0,0.0,0,0,0.0,0.0,0.0,0,115.0,275.0,5.0,166.0,Ford Field,indoor,FieldTurf,6.5
Marvin Mims,DEN,WR,2023,15,22,33,377.0,25.13,1,17.14,0.0,0,0.08,0.13,9,30.0,2.0,0,0.0,0.0,0,0,0,0.0,0.0,0.0,0,0,0.03,0.0,0.0,0,372.0,959.0,2.0,63.0,Empower Field at Mile High,cold,Grass,74.7
Mason Kinsey,TEN,WR,2023,1,1,1,6.0,6.0,0,6.0,0.0,0,0.04,-0.02,0,0.0,0.0,0,0.0,0.0,0,0,0,0.0,0.0,0.0,0,0,0.0,0.0,0.0,0,3.0,60.0,0.0,0.0,Nissan Stadium,moderate,Grass,1.6
Mason Rudolph,PIT,QB,2023,4,0,0,0.0,0.0,0,0.0,0.0,0,0.0,0.0,10,8.0,2.0,0,0.0,1.0,0,55,74,0.74,719.0,179.75,3,0,0.04,0.0,6.0,2,199.0,253.0,3.0,76.0,Heinz Field,cold,Grass,39.56
Matt Barkley,JAX,QB,2023,1,0,0,0.0,0.0,0,0.0,0.0,0,0.0,0.0,3,-3.0,-3.0,0,0.0,0.0,0,0,0,0.0,0.0,0.0,0,0,0.0,0.0,0.0,0,6.0,60.0,4.0,98.0,TIAA Bank Field,warm,Grass,-0.3
Matt Breida,NYG,RB,2023,15,17,21,88.0,5.87,0,5.18,1.0,0,0.05,0.0,55,151.0,10.07,1,0.02,0.0,0,0,0,0.0,0.0,0.0,0,0,0.01,0.0,0.0,0,279.0,966.0,0.0,0.0,MetLife Stadium,cold,FieldTurf,46.9
Matthew Stafford,LA,QB,2023,15,0,0,0.0,0.0,0,0.0,0.0,1,0.0,0.0,21,65.0,4.33,0,0.0,0.0,0,326,521,0.63,3965.0,264.33,24,1,0.04,11.0,30.0,0,1000.0,1023.0,1.0,1.0,Los Angeles Memorial Coliseum,warm,Grass,243.1
Mecole Hardman,KC,WR,2023,5,14,21,118.0,23.6,0,8.43,0.0,0,0.13,0.11,1,3.0,0.6,0,0.0,0.0,0,0,0,0.0,0.0,0.0,0,0,0.0,0.0,0.0,0,120.0,329.0,2.0,56.0,Arrowhead Stadium,cold,Grass,26.1
Melvin Gordon,BAL,RB,2023,4,3,3,46.0,11.5,0,15.33,0.0,0,0.03,0.04,26,81.0,20.25,1,0.04,1.0,0,0,0,0.0,0.0,0.0,0,0,0.03,0.0,0.0,0,56.0,247.0,1.0,15.0,M&T Bank Stadium,moderate,FieldTurf,19.7
Michael Carter,ARI,RB,2023,6,9,11,33.0,5.5,1,3.67,0.0,0,0.05,0.01,22,149.0,24.83,0,0.0,0.0,0,0,0,0.0,0.0,0.0,0,0,0.03,0.0,0.0,0,82.0,430.0,4.0,107.0,State Farm Stadium,indoor,Grass,33.2
Michael Gallup,DAL,WR,2023,16,34,57,418.0,26.12,2,12.29,0.0,0,0.1,0.15,0,0.0,0.0,0,0.0,0.0,0,0,0,0.0,0.0,0.0,0,0,0.06,0.0,0.0,0,592.0,1126.0,3.0,81.0,AT&T Stadium,indoor,FieldTurf,87.8
Michael Mayer,LV,TE,2023,12,27,40,304.0,25.33,2,11.26,0.0,1,0.11,0.08,0,0.0,0.0,0,0.0,0.0,0,0,0,0.0,0.0,0.0,0,0,0.07,0.0,0.0,0,536.0,726.0,2.0,35.0,Allegiant Stadium,indoor,Grass,71.4
Michael Pittman,IND,WR,2023,16,109,156,1152.0,72.0,4,10.57,1.0,2,0.3,0.34,0,0.0,0.0,0,0.0,0.0,0,0,0,0.0,0.0,0.0,0,0,0.04,0.0,0.0,0,0.0,0.0,2.0,34.0,Lucas Oil Stadium,indoor,FieldTurf,252.2
Michael Thomas,NO,WR,2023,10,39,64,448.0,44.8,1,11.49,0.0,0,0.18,0.21,0,0.0,0.0,0,0.0,0.0,0,0,0,0.0,0.0,0.0,0,0,0.03,0.0,0.0,0,490.0,711.0,2.0,47.0,Mercedes-Benz Superdome,indoor,FieldTurf,89.8
Michael Wilson,ARI,WR,2023,13,38,58,565.0,43.46,3,14.87,0.0,1,0.14,0.26,0,0.0,0.0,0,0.0,0.0,0,0,0,0.0,0.0,0.0,0,0,0.08,0.0,0.0,0,709.0,891.0,3.0,94.0,State Farm Stadium,indoor,Grass,114.5
Mike Evans,TB,WR,2023,17,79,136,1255.0,73.82,13,15.89,0.0,0,0.25,0.4,0,0.0,0.0,0,0.0,0.0,0,0,0,0.0,0.0,0.0,0,0,0.16,0.0,0.0,0,863.0,1113.0,1.0,7.0,Raymond James Stadium,warm,Grass,282.5
Mike Gesicki,NE,TE,2023,15,29,45,244.0,16.27,2,8.41,0.0,0,0.1,0.11,0,0.0,0.0,0,0.0,0.0,0,0,0,0.0,0.0,0.0,0,0,0.07,0.0,0.0,0,505.0,935.0,2.0,42.0,Gillette Stadium,cold,FieldTurf,65.4
Mike Strachan,CAR,WR,2023,2,1,3,45.0,22.5,0,45.0,0.0,0,0.05,0.15,0,0.0,0.0,0,0.0,0.0,0,0,0,0.0,0.0,0.0,0,0,0.0,0.0,0.0,0,44.0,133.0,0.0,0.0,Bank of America Stadium,moderate,Grass,5.5
Mike White,MIA,QB,2023,6,0,0,0.0,0.0,0,0.0,0.0,0,0.0,0.0,8,-9.0,-1.5,0,0.0,1.0,0,5,6,0.83,74.0,12.33,1,0,0.07,1.0,0.0,0,53.0,437.0,5.0,171.0,Hard Rock Stadium,warm,Grass,2.06
Mike Williams,LAC,WR,2023,3,19,26,249.0,83.0,1,13.11,0.0,0,0.22,0.29,1,3.0,1.0,0,0.0,0.0,0,0,0,0.0,0.0,0.0,0,0,0.05,0.0,0.0,0,167.0,215.0,1.0,7.0,Dignity Health Sports Park,warm,Grass,50.2
Miles Boykin,PIT,WR,2023,4,3,4,17.0,4.25,0,5.67,0.0,0,0.03,0.02,0,0.0,0.0,0,0.0,0.0,0,0,0,0.0,0.0,0.0,0,0,0.0,0.0,0.0,0,39.0,251.0,3.0,93.0,Heinz Field,cold,Grass,4.7
Miles Sanders,CAR,RB,2023,16,27,41,154.0,9.62,0,5.7,0.0,0,0.08,-0.0,129,432.0,27.0,1,0.01,2.0,0,0,0,0.0,0.0,0.0,0,0,0.01,0.0,0.0,0,406.0,1091.0,2.0,53.0,Bank of America Stadium,moderate,Grass,87.6
Mitchell Trubisky,PIT,QB,2023,5,0,0,0.0,0.0,0,0.0,0.0,0,0.0,0.0,16,54.0,10.8,2,0.12,1.0,0,67,107,0.63,632.0,126.4,4,1,0.05,5.0,7.0,0,201.0,317.0,1.0,2.0,Heinz Field,cold,Grass,48.68
Mitchell Wilcox,CIN,TE,2023,9,9,12,56.0,6.22,0,6.22,0.0,0,0.04,0.0,0,0.0,0.0,0,0.0,0.0,0,0,0,0.0,0.0,0.0,0,0,0.0,0.0,0.0,0,153.0,582.0,0.0,0.0,Paul Brown Stadium,cold,FieldTurf,14.6
Mo Alie-Cox,IND,TE,2023,13,13,22,161.0,12.38,3,12.38,0.0,1,0.06,0.08,0,0.0,0.0,0,0.0,0.0,0,0,0,0.0,0.0,0.0,0,0,0.23,0.0,0.0,0,346.0,859.0,0.0,0.0,Lucas Oil Stadium,indoor,FieldTurf,49.1
MyCole Pruitt,ATL,TE,2023,9,9,12,110.0,12.22,1,12.22,1.0,0,0.04,0.02,0,0.0,0.0,0,0.0,0.0,0,0,0,0.0,0.0,0.0,0,0,0.11,0.0,0.0,0,192.0,616.0,5.0,143.0,Mercedes-Benz Stadium,indoor,FieldTurf,26.0
Najee Harris,PIT,RB,2023,17,29,38,170.0,10.0,0,5.86,0.0,0,0.08,-0.01,255,1035.0,60.88,8,0.03,2.0,0,0,0,0.0,0.0,0.0,0,0,0.03,0.0,0.0,0,569.0,1081.0,0.0,0.0,Heinz Field,cold,Grass,195.5
Nate Adkins,DEN,TE,2023,4,4,5,22.0,5.5,0,5.5,0.0,0,0.05,-0.01,0,0.0,0.0,0,0.0,0.0,0,0,0,0.0,0.0,0.0,0,0,0.0,0.0,0.0,0,25.0,234.0,0.0,0.0,Empower Field at Mile High,cold,Grass,6.2
Nathan Peterman,CHI,QB,2023,1,0,0,0.0,0.0,0,0.0,0.0,0,0.0,0.0,2,-4.0,-4.0,0,0.0,0.0,0,0,0,0.0,0.0,0.0,0,0,0.0,0.0,1.0,1,3.0,75.0,5.0,171.0,Soldier Field,cold,Grass,-0.4
Nelson Agholor,BAL,WR,2023,16,35,45,381.0,23.81,4,10.89,1.0,0,0.09,0.11,0,0.0,0.0,0,0.0,0.0,0,0,0,0.0,0.0,0.0,0,0,0.11,0.0,0.0,0,559.0,1068.0,1.0,20.0,M&T Bank Stadium,moderate,FieldTurf,97.1
Nick Chubb,CLE,RB,2023,2,4,4,21.0,10.5,0,5.25,0.0,0,0.07,0.0,28,170.0,85.0,0,0.0,0.0,0,0,0,0.0,0.0,0.0,0,0,0.0,0.0,0.0,0,54.0,160.0,2.0,35.0,FirstEnergy Stadium,cold,Grass,23.1
Nick Mullens,MIN,QB,2023,5,0,0,0.0,0.0,0,0.0,0.0,0,0.0,0.0,10,25.0,5.0,0,0.0,0.0,0,100,148,0.68,1306.0,261.2,7,0,0.04,8.0,12.0,2,244.0,323.0,0.0,0.0,U.S. Bank Stadium,indoor,FieldTurf,66.74
Nick Muse,MIN,TE,2023,1,1,1,22.0,22.0,0,22.0,0.0,0,0.02,0.03,0,0.0,0.0,0,0.0,0.0,0,0,0,0.0,0.0,0.0,0,0,0.0,0.0,0.0,0,2.0,67.0,0.0,0.0,U.S. Bank Stadium,indoor,FieldTurf,3.2
Nick Vannett,LAC,TE,2023,1,1,1,3.0,3.0,0,3.0,0.0,0,0.02,0.01,0,0.0,0.0,0,0.0,0.0,0,0,0,0.0,0.0,0.0,0,0,0.0,0.0,0.0,0,26.0,84.0,3.0,94.0,Dignity Health Sports Park,warm,Grass,1.3
Nick Westbrook-Ikhine,TEN,WR,2023,13,28,45,370.0,28.46,3,13.21,0.0,1,0.12,0.14,0,0.0,0.0,0,0.0,0.0,0,0,0,0.0,0.0,0.0,0,0,0.11,0.0,0.0,0,572.0,831.0,0.0,0.0,Nissan Stadium,moderate,Grass,85.0
Nico Collins,HOU,WR,2023,15,80,109,1297.0,86.47,8,16.21,1.0,1,0.23,0.3,1,7.0,0.47,0,0.0,0.0,0,0,0,0.0,0.0,0.0,0,0,0.1,0.0,0.0,0,668.0,994.0,3.0,89.0,NRG Stadium,indoor,Grass,260.4
Noah Brown,HOU,WR,2023,10,33,55,567.0,56.7,2,17.18,0.0,0,0.17,0.22,1,-1.0,-0.1,0,0.0,0.0,0,0,0,0.0,0.0,0.0,0,0,0.06,0.0,0.0,0,463.0,689.0,7.0,239.0,NRG Stadium,indoor,Grass,101.6
Noah Fant,SEA,TE,2023,14,32,43,414.0,29.57,0,12.94,0.0,0,0.09,0.09,0,0.0,0.0,0,0.0,0.0,0,0,0,0.0,0.0,0.0,0,0,0.0,0.0,0.0,0,494.0,889.0,1.0,20.0,CenturyLink Field,moderate,FieldTurf,73.4
Noah Gray,KC,TE,2023,16,28,41,305.0,19.06,2,10.89,0.0,0,0.08,0.08,1,1.0,0.06,0,0.0,0.0,0,0,0,0.0,0.0,0.0,0,0,0.07,0.0,0.0,0,566.0,1070.0,5.0,162.0,Arrowhead Stadium,cold,Grass,70.6
Olamide Zaccheaus,PHI,WR,2023,11,10,20,164.0,14.91,2,16.4,0.0,0,0.06,0.06,0,0.0,0.0,0,0.0,0.0,0,0,0,0.0,0.0,0.0,0,0,0.2,0.0,0.0,0,385.0,739.0,0.0,0.0,Lincoln Financial Field,cold,Grass,38.4
Parker Washington,JAX,WR,2023,6,16,21,132.0,22.0,2,8.25,1.0,0,0.08,0.06,0,0.0,0.0,0,0.0,0.0,0,0,0,0.0,0.0,0.0,0,0,0.12,0.0,0.0,0,227.0,409.0,6.0,185.0,TIAA Bank Field,warm,Grass,39.2
Parris Campbell,NYG,WR,2023,8,20,27,104.0,13.0,0,5.2,0.0,0,0.11,0.07,0,0.0,0.0,0,0.0,0.0,0,0,0,0.0,0.0,0.0,0,0,0.0,0.0,1.0,0,189.0,509.0,2.0,59.0,MetLife Stadium,cold,FieldTurf,30.4
Pat Freiermuth,PIT,TE,2023,11,32,47,308.0,28.0,2,9.62,0.0,1,0.15,0.12,0,0.0,0.0,0,0.0,0.0,0,0,0,0.0,0.0,0.0,0,0,0.06,0.0,0.0,0,437.0,695.0,2.0,55.0,Heinz Field,cold,Grass,76.8
Patrick Mahomes,KC,QB,2023,16,0,0,0.0,0.0,0,0.0,0.0,0,0.0,0.0,75,389.0,24.31,0,0.0,2.0,0,401,597,0.67,4183.0,261.44,27,0,0.04,14.0,27.0,4,1051.0,1072.0,1.0,10.0,Arrowhead Stadium,cold,Grass,280.22
Patrick Taylor,GB,RB,2023,10,11,17,49.0,4.9,0,4.45,0.0,0,0.05,-0.01,32,141.0,14.1,0,0.0,0.0,0,0,0,0.0,0.0,0.0,0,0,0.0,0.0,0.0,0,215.0,642.0,0.0,0.0,Lambeau Field,cold,Grass,30.0
Payne Durham,TB,TE,2023,6,5,7,58.0,9.67,0,11.6,0.0,0,0.03,0.05,0,0.0,0.0,0,0.0,0.0,0,0,0,0.0,0.0,0.0,0,0,0.0,0.0,0.0,0,64.0,399.0,5.0,171.0,Raymond James Stadium,warm,Grass,10.8
Peyton Hendershot,DAL,TE,2023,7,4,7,38.0,5.43,0,9.5,0.0,0,0.03,0.02,1,0.0,0.0,0,0.0,0.0,0,0,0,0.0,0.0,0.0,0,0,0.0,0.0,0.0,0,144.0,488.0,0.0,0.0,AT&T Stadium,indoor,FieldTurf,7.8
Pharaoh Brown,NE,TE,2023,9,13,15,208.0,23.11,1,16.0,1.0,0,0.06,0.06,0,0.0,0.0,0,0.0,0.0,0,0,0,0.0,0.0,0.0,0,0,0.08,0.0,0.0,0,243.0,526.0,0.0,0.0,Gillette Stadium,cold,FieldTurf,37.8
Phillip Dorsett,DEN,WR,2023,2,0,3,0.0,0.0,0,0.0,0.0,0,0.05,0.21,0,0.0,0.0,0,0.0,0.0,0,0,0,0.0,0.0,0.0,0,0,0.0,0.0,0.0,0,34.0,136.0,1.0,29.0,Empower Field at Mile High,cold,Grass,0.0
Pierre Strong,CLE,RB,2023,13,5,8,47.0,3.62,0,9.4,0.0,0,0.02,-0.0,63,291.0,22.38,1,0.02,1.0,0,0,0,0.0,0.0,0.0,0,0,0.01,0.0,0.0,0,166.0,941.0,4.0,127.0,FirstEnergy Stadium,cold,Grass,42.8
Puka Nacua,LA,WR,2023,17,105,160,1486.0,87.41,6,14.15,1.0,0,0.29,0.33,12,89.0,5.24,0,0.0,0.0,0,0,0,0.0,0.0,0.0,0,0,0.05,0.0,0.0,0,1000.0,1157.0,5.0,177.0,Los Angeles Memorial Coliseum,warm,Grass,298.5
Quentin Johnston,LAC,WR,2023,17,38,67,431.0,25.35,2,11.34,0.0,0,0.11,0.21,3,9.0,0.53,0,0.0,0.0,0,0,0,0.0,0.0,0.0,0,0,0.05,0.0,0.0,0,748.0,1163.0,1.0,21.0,Dignity Health Sports Park,warm,Grass,94.0
Quez Watkins,PHI,WR,2023,5,15,21,142.0,28.4,1,9.47,0.0,0,0.12,0.16,0,0.0,0.0,0,0.0,0.0,0,0,0,0.0,0.0,0.0,0,0,0.07,0.0,0.0,0,250.0,353.0,6.0,200.0,Lincoln Financial Field,cold,Grass,35.2
Quintin Morris,BUF,TE,2023,2,2,3,26.0,13.0,1,13.0,0.0,0,0.05,0.08,0,0.0,0.0,0,0.0,0.0,0,0,0,0.0,0.0,0.0,0,0,0.5,0.0,0.0,0,47.0,137.0,0.0,0.0,New Era Field,cold,FieldTurf,10.6
Rachaad White,TB,RB,2023,17,64,70,549.0,32.29,3,8.58,1.0,0,0.12,-0.01,272,990.0,58.24,6,0.02,2.0,0,0,0,0.0,0.0,0.0,0,0,0.03,0.0,0.0,0,861.0,1112.0,3.0,91.0,Raymond James Stadium,warm,Grass,267.9
Raheem Blackshear,CAR,RB,2023,8,6,7,45.0,5.62,0,7.5,0.0,0,0.03,0.01,14,46.0,5.75,0,0.0,0.0,1,0,0,0.0,0.0,0.0,0,0,0.0,0.0,0.0,0,46.0,514.0,0.0,0.0,Bank of America Stadium,moderate,Grass,17.1
Raheem Mostert,MIA,RB,2023,15,25,32,175.0,11.67,3,7.0,2.0,0,0.07,-0.01,209,1012.0,67.47,18,0.09,2.0,0,0,0,0.0,0.0,0.0,0,0,0.09,0.0,0.0,0,555.0,985.0,0.0,0.0,Hard Rock Stadium,warm,Grass,267.7
Rakim Jarrett,TB,WR,2023,6,4,9,60.0,10.0,0,15.0,0.0,0,0.04,0.08,1,0.0,0.0,0,0.0,0.0,0,0,0,0.0,0.0,0.0,0,0,0.0,0.0,0.0,0,80.0,420.0,0.0,0.0,Raymond James Stadium,warm,Grass,10.0
Randall Cobb,NYJ,WR,2023,9,5,17,39.0,4.33,1,7.8,0.0,1,0.06,0.08,0,0.0,0.0,0,0.0,0.0,0,0,0,0.0,0.0,0.0,0,0,0.2,0.0,0.0,0,200.0,548.0,2.0,64.0,MetLife Stadium,cold,FieldTurf,16.9
Rashaad Penny,PHI,RB,2023,3,1,1,5.0,1.67,0,5.0,0.0,0,0.02,0.0,11,33.0,11.0,0,0.0,0.0,0,0,0,0.0,0.0,0.0,0,0,0.0,0.0,0.0,0,31.0,207.0,1.0,27.0,Lincoln Financial Field,cold,Grass,4.8
Rashee Rice,KC,WR,2023,16,79,102,938.0,58.62,7,11.87,2.0,0,0.18,0.15,1,-3.0,-0.19,0,0.0,0.0,0,0,0,0.0,0.0,0.0,0,0,0.09,0.0,0.0,0,622.0,1076.0,2.0,55.0,Arrowhead Stadium,cold,Grass,212.5
Rashid Shaheed,NO,WR,2023,15,46,75,719.0,47.93,5,15.63,0.0,0,0.14,0.23,7,37.0,2.47,0,0.0,0.0,0,0,0,0.0,0.0,0.0,0,0,0.09,0.0,0.0,0,604.0,1048.0,0.0,0.0,Mercedes-Benz Superdome,indoor,FieldTurf,157.6
Rashod Bateman,BAL,WR,2023,15,32,56,367.0,24.47,1,11.47,0.0,0,0.14,0.22,1,18.0,1.2,0,0.0,0.0,0,0,0,0.0,0.0,0.0,0,0,0.03,0.0,0.0,0,584.0,1019.0,1.0,27.0,M&T Bank Stadium,moderate,FieldTurf,76.5
Ray-Ray McCloud,SF,WR,2023,7,12,15,135.0,19.29,0,11.25,0.0,0,0.08,0.06,3,30.0,4.29,0,0.0,0.0,0,0,0,0.0,0.0,0.0,0,0,0.0,0.0,0.0,0,162.0,432.0,0.0,0.0,Levi's Stadium,moderate,Grass,28.5
Rhamondre Stevenson,NE,RB,2023,12,38,51,238.0,19.83,0,6.26,0.0,0,0.13,-0.0,156,619.0,51.58,4,0.03,1.0,0,0,0,0.0,0.0,0.0,0,0,0.02,0.0,0.0,0,486.0,775.0,4.0,120.0,Gillette Stadium,cold,FieldTurf,145.7
Richie James,KC,WR,2023,8,10,14,114.0,14.25,0,11.4,0.0,0,0.05,0.07,0,0.0,0.0,0,0.0,0.0,0,0,0,0.0,0.0,0.0,0,0,0.0,0.0,0.0,0,128.0,529.0,7.0,240.0,Arrowhead Stadium,cold,Grass,21.4
Rico Dowdle,DAL,RB,2023,16,17,22,144.0,9.0,2,8.47,0.0,0,0.04,-0.0,89,361.0,22.56,2,0.02,0.0,0,0,0,0.0,0.0,0.0,0,0,0.04,0.0,0.0,0,247.0,1117.0,0.0,0.0,AT&T Stadium,indoor,FieldTurf,91.5
River Cracraft,MIA,WR,2023,6,9,12,121.0,20.17,1,13.44,0.0,0,0.06,0.05,0,0.0,0.0,0,0.0,0.0,0,0,0,0.0,0.0,0.0,0,0,0.11,0.0,0.0,0,118.0,389.0,0.0,0.0,Hard Rock Stadium,warm,Grass,27.1
Robbie Chosen,MIA,WR,2023,5,4,6,126.0,25.2,1,31.5,0.0,0,0.04,0.12,0,0.0,0.0,0,0.0,0.0,0,0,0,0.0,0.0,0.0,0,0,0.25,0.0,0.0,0,83.0,342.0,0.0,0.0,Hard Rock Stadium,warm,Grass,22.6
Robert Tonyan,CHI,TE,2023,11,11,17,112.0,10.18,0,10.18,0.0,0,0.06,0.05,0,0.0,0.0,0,0.0,0.0,0,0,0,0.0,0.0,0.0,0,0,0.0,0.0,0.0,0,236.0,733.0,0.0,0.0,Soldier Field,cold,Grass,22.2
Robert Woods,HOU,WR,2023,13,40,75,426.0,32.77,1,10.65,0.0,0,0.17,0.2,1,7.0,0.54,0,0.0,0.0,0,0,0,0.0,0.0,0.0,0,0,0.02,0.0,0.0,0,634.0,885.0,2.0,41.0,NRG Stadium,indoor,Grass,89.3
Rod Williams,PIT,TE,2023,1,0,2,0.0,0.0,0,0.0,0.0,0,0.05,0.02,0,0.0,0.0,0,0.0,0.0,0,0,0,0.0,0.0,0.0,0,0,0.0,0.0,0.0,0,0.0,0.0,0.0,0.0,Heinz Field,cold,Grass,0.0
Romeo Doubs,GB,WR,2023,17,59,96,674.0,39.65,8,11.42,1.0,0,0.17,0.23,0,0.0,0.0,0,0.0,0.0,0,0,0,0.0,0.0,0.0,0,0,0.14,0.0,0.0,0,845.0,1108.0,4.0,132.0,Lambeau Field,cold,Grass,174.4
Rondale Moore,ARI,WR,2023,17,40,62,352.0,20.71,1,8.8,1.0,0,0.12,0.08,28,178.0,10.47,1,0.04,0.0,0,0,0,0.0,0.0,0.0,0,0,0.03,0.0,0.0,0,757.0,1140.0,2.0,49.0,State Farm Stadium,indoor,Grass,105.0
Ronnie Bell,SF,WR,2023,8,6,13,68.0,8.5,3,11.33,0.0,0,0.06,0.09,0,0.0,0.0,0,0.0,0.0,0,0,0,0.0,0.0,0.0,0,0,0.5,0.0,0.0,0,125.0,542.0,7.0,253.0,Levi's Stadium,moderate,Grass,30.8
Ronnie Rivers,LA,RB,2023,7,5,5,22.0,3.14,0,4.4,0.0,0,0.02,-0.01,32,129.0,18.43,0,0.0,0.0,0,0,0,0.0,0.0,0.0,0,0,0.0,0.0,0.0,0,93.0,484.0,0.0,0.0,Los Angeles Memorial Coliseum,warm,Grass,20.1
Roschon Johnson,CHI,RB,2023,15,34,40,209.0,13.93,0,6.15,0.0,0,0.09,-0.01,81,352.0,23.47,2,0.02,1.0,0,0,0,0.0,0.0,0.0,0,0,0.02,0.0,0.0,0,395.0,1013.0,4.0,115.0,Soldier Field,cold,Grass,102.1
Ross Dwelley,SF,TE,2023,2,1,2,12.0,6.0,0,12.0,0.0,0,0.04,0.04,0,0.0,0.0,0,0.0,0.0,0,0,0,0.0,0.0,0.0,0,0,0.0,0.0,0.0,0,7.0,117.0,0.0,0.0,Levi's Stadium,moderate,Grass,2.2
Royce Freeman,LA,RB,2023,9,1,2,13.0,1.44,0,13.0,0.0,0,0.01,-0.0,77,319.0,35.44,2,0.03,0.0,0,0,0,0.0,0.0,0.0,0,0,0.03,0.0,0.0,0,207.0,614.0,3.0,71.0,Los Angeles Memorial Coliseum,warm,Grass,46.2
Russell Wilson,DEN,QB,2023,15,0,0,0.0,0.0,0,0.0,0.0,0,0.0,0.0,80,341.0,22.73,3,0.04,3.0,0,297,447,0.66,3070.0,204.67,26,2,0.06,8.0,45.0,7,938.0,942.0,3.0,75.0,Empower Field at Mile High,cold,Grass,256.9
Ryan Tannehill,TEN,QB,2023,9,0,1,0.0,0.0,0,0.0,0.0,0,0.0,-0.0,17,74.0,8.22,1,0.06,1.0,0,149,230,0.65,1616.0,179.56,4,0,0.02,7.0,32.0,2,500.0,535.0,1.0,8.0,Nissan Stadium,moderate,Grass,80.04
Salvon Ahmed,MIA,RB,2023,7,16,23,88.0,12.57,1,5.5,0.0,0,0.09,0.01,22,61.0,8.71,1,0.05,0.0,0,0,0,0.0,0.0,0.0,0,0,0.05,0.0,0.0,0,131.0,457.0,0.0,0.0,Hard Rock Stadium,warm,Grass,42.9
Sam Darnold,SF,QB,2023,10,0,0,0.0,0.0,0,0.0,0.0,0,0.0,0.0,21,15.0,1.5,1,0.05,1.0,0,28,46,0.61,297.0,29.7,2,0,0.04,1.0,6.0,2,130.0,651.0,1.0,3.0,Levi's Stadium,moderate,Grass,23.38
Sam Howell,WAS,QB,2023,17,1,1,4.0,0.24,0,4.0,0.0,0,0.0,0.0,48,263.0,15.47,5,0.1,1.0,1,388,612,0.63,3946.0,232.12,21,1,0.04,21.0,65.0,3,1061.0,1108.0,5.0,144.0,FedEx Field,moderate,Grass,257.54
Sam LaPorta,DET,TE,2023,17,86,120,889.0,52.29,10,10.34,0.0,2,0.22,0.21,1,4.0,0.24,0,0.0,0.0,0,0,0,0.0,0.0,0.0,0,0,0.11,0.0,0.0,0,981.0,1186.0,2.0,34.0,Ford Field,indoor,FieldTurf,239.3
Samaje Perine,DEN,RB,2023,17,50,56,455.0,26.76,0,9.1,2.0,0,0.12,0.0,53,238.0,14.0,1,0.02,1.0,0,0,0,0.0,0.0,0.0,0,0,0.01,0.0,0.0,0,360.0,1078.0,4.0,114.0,Empower Field at Mile High,cold,Grass,121.3
Samori Toure,GB,WR,2023,8,8,18,78.0,9.75,0,9.75,0.0,1,0.07,0.14,0,0.0,0.0,0,0.0,0.0,0,0,0,0.0,0.0,0.0,0,0,0.0,0.0,0.0,0,129.0,521.0,0.0,0.0,Lambeau Field,cold,Grass,17.8
Saquon Barkley,NYG,RB,2023,14,41,60,280.0,20.0,4,6.83,0.0,0,0.17,-0.09,247,962.0,68.71,6,0.02,2.0,1,0,0,0.0,0.0,0.0,0,0,0.03,0.0,0.0,0,717.0,913.0,1.0,2.0,MetLife Stadium,cold,FieldTurf,223.2
Scott Miller,ATL,WR,2023,9,11,16,161.0,17.89,2,14.64,0.0,0,0.06,0.08,0,0.0,0.0,0,0.0,0.0,0,0,0,0.0,0.0,0.0,0,0,0.18,0.0,0.0,0,166.0,626.0,0.0,0.0,Mercedes-Benz Stadium,indoor,FieldTurf,39.1
Sean Clifford,GB,QB,2023,2,0,0,0.0,0.0,0,0.0,0.0,0,0.0,0.0,3,-2.0,-1.0,0,0.0,1.0,0,1,1,1.0,37.0,18.5,0,0,0.0,0.0,0.0,0,13.0,136.0,0.0,0.0,Lambeau Field,cold,Grass,1.28
Sean McKeon,DAL,TE,2023,2,0,2,0.0,0.0,0,0.0,0.0,0,0.03,0.03,0,0.0,0.0,0,0.0,0.0,0,0,0,0.0,0.0,0.0,0,0,0.0,0.0,0.0,0,19.0,132.0,0.0,0.0,AT&T Stadium,indoor,FieldTurf,0.0
Sean Tucker,TB,RB,2023,3,2,2,9.0,3.0,0,4.5,0.0,0,0.02,-0.0,15,23.0,7.67,0,0.0,0.0,0,0,0,0.0,0.0,0.0,0,0,0.0,0.0,0.0,0,31.0,183.0,0.0,0.0,Raymond James Stadium,warm,Grass,5.2
Shedrick Jackson,CIN,WR,2023,1,0,1,0.0,0.0,0,0.0,0.0,0,0.03,0.12,0,0.0,0.0,0,0.0,0.0,0,0,0,0.0,0.0,0.0,0,0,0.0,0.0,0.0,0,5.0,63.0,0.0,0.0,Paul Brown Stadium,cold,FieldTurf,0.0
Simi Fehoko,LAC,WR,2023,1,1,2,9.0,9.0,1,9.0,0.0,0,0.05,0.1,0,0.0,0.0,0,0.0,0.0,0,0,0,0.0,0.0,0.0,0,0,1.0,0.0,0.0,0,16.0,70.0,5.0,179.0,Dignity Health Sports Park,warm,Grass,7.9
Skyy Moore,KC,WR,2023,13,21,38,244.0,18.77,1,11.62,0.0,0,0.08,0.1,3,23.0,1.77,0,0.0,0.0,0,0,0,0.0,0.0,0.0,0,0,0.04,0.0,0.0,0,479.0,883.0,2.0,54.0,Arrowhead Stadium,cold,Grass,53.7
Stefon Diggs,BUF,WR,2023,17,107,160,1183.0,69.59,8,11.06,2.0,1,0.3,0.34,1,5.0,0.29,0,0.0,0.0,0,0,0,0.0,0.0,0.0,0,0,0.07,0.0,0.0,0,949.0,1174.0,5.0,146.0,New Era Field,cold,FieldTurf,273.8
Stephen Sullivan,CAR,TE,2023,10,12,24,125.0,12.5,0,10.42,0.0,0,0.08,0.1,0,0.0,0.0,0,0.0,0.0,0,0,0,0.0,0.0,0.0,0,0,0.0,0.0,0.0,0,164.0,665.0,7.0,251.0,Bank of America Stadium,moderate,Grass,24.5
Sterling Shepard,NYG,WR,2023,10,10,22,57.0,5.7,1,5.7,0.0,0,0.08,0.08,1,6.0,0.6,0,0.0,0.0,0,0,0,0.0,0.0,0.0,0,0,0.09,0.0,0.0,0,134.0,654.0,2.0,40.0,MetLife Stadium,cold,FieldTurf,22.3
Steven Sims,HOU,WR,2023,2,3,3,25.0,12.5,0,8.33,0.0,0,0.04,-0.0,1,1.0,0.5,0,0.0,0.0,0,0,0,0.0,0.0,0.0,0,0,0.0,0.0,0.0,0,9.0,145.0,0.0,0.0,NRG Stadium,indoor,Grass,5.6
Stone Smartt,LAC,TE,2023,12,11,21,155.0,12.92,1,14.09,0.0,0,0.05,0.05,0,0.0,0.0,0,0.0,0.0,0,0,0,0.0,0.0,0.0,0,0,0.09,0.0,0.0,0,236.0,807.0,0.0,0.0,Dignity Health Sports Park,warm,Grass,32.5
T.J. Hockenson,MIN,TE,2023,15,95,127,960.0,64.0,5,10.11,1.0,0,0.24,0.25,0,0.0,0.0,0,0.0,0.0,0,0,0,0.0,0.0,0.0,0,0,0.05,0.0,0.0,0,790.0,1002.0,1.0,8.0,U.S. Bank Stadium,indoor,FieldTurf,219.0
Tank Bigsby,JAX,RB,2023,13,1,4,6.0,0.46,0,6.0,0.0,0,0.01,0.0,50,132.0,10.15,2,0.04,1.0,0,0,0,0.0,0.0,0.0,0,0,0.04,0.0,0.0,0,125.0,875.0,3.0,88.0,TIAA Bank Field,warm,Grass,24.8
Tank Dell,HOU,WR,2023,10,47,75,709.0,70.9,7,15.09,0.0,0,0.21,0.31,11,51.0,5.1,0,0.0,0.0,0,0,0,0.0,0.0,0.0,0,0,0.12,0.0,1.0,0,448.0,604.0,0.0,0.0,NRG Stadium,indoor,Grass,165.0
Tanner Hudson,CIN,TE,2023,12,39,50,352.0,29.33,1,9.03,0.0,0,0.12,0.1,0,0.0,0.0,0,0.0,0.0,0,0,0,0.0,0.0,0.0,0,0,0.03,0.0,1.0,0,276.0,780.0,0.0,0.0,Paul Brown Stadium,cold,FieldTurf,80.2
Taylor Heinicke,ATL,QB,2023,5,0,0,0.0,0.0,0,0.0,0.0,0,0.0,0.0,15,124.0,24.8,1,0.07,1.0,0,74,136,0.54,890.0,178.0,5,0,0.04,4.0,8.0,0,271.0,334.0,0.0,0.0,Mercedes-Benz Stadium,indoor,FieldTurf,66.0
Taysom Hill,NO,QB,2023,16,33,40,291.0,18.19,2,8.82,0.0,0,0.07,0.05,81,401.0,25.06,4,0.05,1.0,0,6,11,0.55,83.0,5.19,1,0,0.06,0.0,2.0,0,425.0,1109.0,0.0,0.0,Mercedes-Benz Superdome,indoor,FieldTurf,143.52
Teagan Quitoriano,HOU,TE,2023,3,2,3,33.0,11.0,0,16.5,0.0,0,0.03,0.02,0,0.0,0.0,0,0.0,0.0,0,0,0,0.0,0.0,0.0,0,0,0.0,0.0,0.0,0,64.0,190.0,5.0,170.0,NRG Stadium,indoor,Grass,5.3
Teddy Bridgewater,DET,QB,2023,1,0,0,0.0,0.0,0,0.0,0.0,0,0.0,0.0,2,-2.0,-2.0,0,0.0,0.0,0,0,0,0.0,0.0,0.0,0,0,0.0,0.0,0.0,0,3.0,60.0,1.0,32.0,Ford Field,indoor,FieldTurf,-0.2
Tee Higgins,CIN,WR,2023,12,42,76,656.0,54.67,5,15.62,0.0,0,0.17,0.37,0,0.0,0.0,0,0.0,0.0,0,0,0,0.0,0.0,0.0,0,0,0.12,0.0,0.0,0,573.0,778.0,2.0,33.0,Paul Brown Stadium,cold,FieldTurf,137.6
Terrace Marshall,CAR,WR,2023,8,19,33,139.0,17.38,0,7.32,1.0,0,0.12,0.13,0,0.0,0.0,0,0.0,0.0,0,0,0,0.0,0.0,0.0,0,0,0.0,0.0,0.0,0,0.0,0.0,0.0,0.0,Bank of America Stadium,moderate,Grass,32.9
Terry McLaurin,WAS,WR,2023,17,79,132,1002.0,58.94,4,12.68,0.0,0,0.23,0.35,0,0.0,0.0,0,0.0,0.0,0,0,0,0.0,0.0,0.0,0,0,0.05,0.0,0.0,0,941.0,1113.0,3.0,76.0,FedEx Field,moderate,Grass,203.2
Tim Jones,JAX,WR,2023,9,11,18,83.0,9.22,0,7.55,0.0,0,0.06,0.06,0,0.0,0.0,0,0.0,0.0,0,0,0,0.0,0.0,0.0,0,0,0.0,0.0,0.0,0,242.0,613.0,0.0,0.0,TIAA Bank Field,warm,Grass,19.3
Tommy DeVito,NYG,QB,2023,9,0,0,0.0,0.0,0,0.0,0.0,0,0.0,0.0,36,195.0,21.67,1,0.03,2.0,0,114,178,0.64,1101.0,122.33,8,0,0.04,3.0,37.0,0,406.0,550.0,0.0,0.0,MetLife Stadium,cold,FieldTurf,93.54
Tommy Tremble,CAR,TE,2023,13,23,32,194.0,14.92,3,8.43,0.0,0,0.08,0.06,0,0.0,0.0,0,0.0,0.0,0,0,0,0.0,0.0,0.0,0,0,0.13,0.0,0.0,0,496.0,872.0,3.0,83.0,Bank of America Stadium,moderate,Grass,60.4
Tony Jones,ARI,RB,2023,3,3,4,16.0,5.33,0,5.33,0.0,0,0.06,-0.09,5,25.0,8.33,0,0.0,0.0,0,0,0,0.0,0.0,0.0,0,0,0.0,0.0,0.0,0,44.0,179.0,0.0,0.0,State Farm Stadium,indoor,Grass,7.1
Tony Pollard,DAL,RB,2023,17,55,67,311.0,18.29,0,5.65,2.0,0,0.11,0.01,252,1005.0,59.12,6,0.02,1.0,1,0,0,0.0,0.0,0.0,0,0,0.02,0.0,0.0,0,836.0,1190.0,4.0,128.0,AT&T Stadium,indoor,FieldTurf,222.6
Travis Etienne,JAX,RB,2023,17,58,73,476.0,28.0,1,8.21,0.0,0,0.12,-0.02,267,1008.0,59.29,11,0.04,0.0,2,0,0,0.0,0.0,0.0,0,0,0.04,0.0,0.0,0,856.0,1172.0,1.0,25.0,TIAA Bank Field,warm,Grass,282.4
Travis Homer,CHI,RB,2023,1,0,1,0.0,0.0,0,0.0,0.0,0,0.03,-0.09,0,0.0,0.0,0,0.0,0.0,0,0,0,0.0,0.0,0.0,0,0,0.0,0.0,0.0,0,3.0,75.0,6.0,204.0,Soldier Field,cold,Grass,0.0
Travis Kelce,KC,TE,2023,15,93,121,984.0,65.6,5,10.58,1.0,0,0.22,0.23,0,0.0,0.0,0,0.0,0.0,0,0,0,0.0,0.0,0.0,0,0,0.05,0.0,0.0,0,775.0,1016.0,3.0,63.0,Arrowhead Stadium,cold,Grass,219.4
Trayveon Williams,CIN,RB,2023,14,7,9,10.0,0.71,0,1.43,0.0,0,0.02,-0.01,15,69.0,4.93,0,0.0,0.0,0,0,0,0.0,0.0,0.0,0,0,0.0,0.0,0.0,0,140.0,880.0,6.0,182.0,Paul Brown Stadium,cold,FieldTurf,14.9
Tre Tucker,LV,WR,2023,13,19,34,331.0,25.46,2,17.42,0.0,0,0.08,0.18,10,77.0,5.92,0,0.0,0.0,0,0,0,0.0,0.0,0.0,0,0,0.07,0.0,0.0,0,298.0,802.0,3.0,100.0,Allegiant Stadium,indoor,Grass,71.8
Trent Sherfield,BUF,WR,2023,9,11,22,86.0,9.56,1,7.82,0.0,0,0.07,0.07,0,0.0,0.0,0,0.0,0.0,0,0,0,0.0,0.0,0.0,0,0,0.09,0.0,0.0,0,214.0,637.0,0.0,0.0,New Era Field,cold,FieldTurf,25.6
Trent Taylor,CHI,WR,2023,3,0,2,0.0,0.0,0,0.0,0.0,0,0.02,-0.01,1,-2.0,-0.67,0,0.0,0.0,0,0,0,0.0,0.0,0.0,0,0,0.0,0.0,0.0,0,16.0,201.0,5.0,177.0,Soldier Field,cold,Grass,-0.2
Trenton Irwin,CIN,WR,2023,10,25,32,316.0,31.6,1,12.64,1.0,0,0.09,0.15,0,0.0,0.0,0,0.0,0.0,0,0,0,0.0,0.0,0.0,0,0,0.04,0.0,0.0,0,346.0,643.0,0.0,0.0,Paul Brown Stadium,cold,FieldTurf,62.6
Trevon Wesco,TEN,TE,2023,3,1,3,21.0,7.0,0,21.0,0.0,0,0.03,0.02,0,0.0,0.0,0,0.0,0.0,0,0,0,0.0,0.0,0.0,0,0,0.0,0.0,0.0,0,114.0,211.0,4.0,121.0,Nissan Stadium,moderate,Grass,3.1
Trevor Lawrence,JAX,QB,2023,16,0,0,0.0,0.0,0,0.0,0.0,0,0.0,0.0,70,339.0,21.19,4,0.06,3.0,0,370,564,0.66,4016.0,251.0,21,1,0.04,14.0,35.0,8,1047.0,1106.0,1.0,1.0,TIAA Bank Field,warm,Grass,262.54
Trevor Siemian,NYJ,QB,2023,5,0,0,0.0,0.0,0,0.0,0.0,0,0.0,0.0,11,40.0,8.0,0,0.0,1.0,0,86,153,0.56,724.0,144.8,2,0,0.01,4.0,8.0,4,287.0,355.0,0.0,0.0,MetLife Stadium,cold,FieldTurf,26.96
Trey McBride,ARI,TE,2023,17,81,106,825.0,48.53,3,10.19,1.0,0,0.2,0.19,0,0.0,0.0,0,0.0,0.0,0,0,0,0.0,0.0,0.0,0,0,0.04,0.0,0.0,0,786.0,1140.0,2.0,55.0,State Farm Stadium,indoor,Grass,181.5
Trey Palmer,TB,WR,2023,17,39,68,385.0,22.65,3,9.87,3.0,0,0.12,0.15,3,22.0,1.29,0,0.0,0.0,0,0,0,0.0,0.0,0.0,0,0,0.07,0.0,0.0,0,718.0,1113.0,6.0,191.0,Raymond James Stadium,warm,Grass,95.7
Trey Sermon,IND,RB,2023,8,3,6,13.0,1.62,0,4.33,0.0,0,0.02,0.01,35,160.0,20.0,0,0.0,0.0,0,0,0,0.0,0.0,0.0,0,0,0.0,0.0,0.0,0,100.0,582.0,3.0,88.0,Lucas Oil Stadium,indoor,FieldTurf,20.3
Treylon Burks,TEN,WR,2023,9,16,30,221.0,24.56,0,13.81,0.0,0,0.12,0.23,5,18.0,2.0,0,0.0,0.0,0,0,0,0.0,0.0,0.0,0,0,0.0,0.0,0.0,0,395.0,577.0,1.0,18.0,Nissan Stadium,moderate,Grass,39.9
Trishton Jackson,MIN,WR,2023,2,2,4,9.0,4.5,0,4.5,0.0,1,0.05,0.04,0,0.0,0.0,0,0.0,0.0,0,0,0,0.0,0.0,0.0,0,0,0.0,0.0,0.0,0,64.0,144.0,0.0,0.0,U.S. Bank Stadium,indoor,FieldTurf,4.9
Tua Tagovailoa,MIA,QB,2023,17,0,0,0.0,0.0,0,0.0,0.0,0,0.0,0.0,35,74.0,4.35,0,0.0,9.0,0,388,560,0.69,4624.0,272.0,29,0,0.05,14.0,29.0,3,1045.0,1099.0,1.0,5.0,Hard Rock Stadium,warm,Grass,272.36
Tucker Fisk,ATL,TE,2023,1,1,1,9.0,9.0,0,9.0,0.0,0,0.05,0.02,0,0.0,0.0,0,0.0,0.0,0,0,0,0.0,0.0,0.0,0,0,0.0,0.0,0.0,0,20.0,53.0,0.0,0.0,Mercedes-Benz Stadium,indoor,FieldTurf,1.9
Tucker Kraft,GB,TE,2023,10,31,40,355.0,35.5,2,11.45,0.0,0,0.12,0.06,0,0.0,0.0,0,0.0,0.0,0,0,0,0.0,0.0,0.0,0,0,0.06,0.0,0.0,0,494.0,650.0,0.0,0.0,Lambeau Field,cold,Grass,78.5
Tutu Atwell,LA,WR,2023,14,39,67,483.0,34.5,3,12.38,0.0,1,0.14,0.2,5,31.0,2.21,0,0.0,0.0,0,0,0,0.0,0.0,0.0,0,1,0.07,0.0,0.0,0,679.0,946.0,2.0,57.0,Los Angeles Memorial Coliseum,warm,Grass,112.4
Ty Chandler,MIN,RB,2023,13,21,25,159.0,12.23,0,7.57,0.0,0,0.06,-0.01,102,461.0,35.46,3,0.03,0.0,0,0,0,0.0,0.0,0.0,0,0,0.02,0.0,0.0,0,306.0,805.0,0.0,0.0,U.S. Bank Stadium,indoor,FieldTurf,101.0
Ty Johnson,BUF,RB,2023,7,7,7,62.0,8.86,1,8.86,0.0,0,0.04,0.0,30,132.0,18.86,0,0.0,1.0,0,0,0,0.0,0.0,0.0,0,0,0.03,0.0,0.0,0,90.0,511.0,0.0,0.0,New Era Field,cold,FieldTurf,32.4
Ty Montgomery,NE,WR,2023,7,5,12,40.0,5.71,0,8.0,0.0,0,0.05,0.04,3,9.0,1.29,0,0.0,0.0,0,0,0,0.0,0.0,0.0,0,0,0.0,0.0,0.0,0,39.0,449.0,3.0,94.0,Gillette Stadium,cold,FieldTurf,9.9
Tyjae Spears,TEN,RB,2023,17,52,70,385.0,22.65,1,7.4,1.0,0,0.14,-0.01,100,453.0,26.65,2,0.02,0.0,0,0,0,0.0,0.0,0.0,0,0,0.02,0.0,0.0,0,558.0,1060.0,3.0,81.0,Nissan Stadium,moderate,Grass,153.8
Tylan Wallace,BAL,WR,2023,2,1,2,11.0,5.5,0,11.0,0.0,0,0.04,0.08,0,0.0,0.0,0,0.0,0.0,0,0,0,0.0,0.0,0.0,0,0,0.0,0.0,0.0,0,29.0,130.0,4.0,131.0,M&T Bank Stadium,moderate,FieldTurf,8.1
Tyler Allgeier,ATL,RB,2023,17,18,23,193.0,11.35,1,10.72,0.0,1,0.05,-0.0,186,683.0,40.18,4,0.02,0.0,0,0,0,0.0,0.0,0.0,0,0,0.02,0.0,0.0,0,360.0,1133.0,5.0,151.0,Mercedes-Benz Stadium,indoor,FieldTurf,137.6
Tyler Boyd,CIN,WR,2023,17,67,98,667.0,39.24,2,9.96,0.0,0,0.16,0.18,2,11.0,0.65,0,0.0,0.0,0,0,1,0.0,0.0,0.0,0,0,0.03,1.0,0.0,0,824.0,1095.0,2.0,55.0,Paul Brown Stadium,cold,FieldTurf,144.8
Tyler Conklin,NYJ,TE,2023,17,61,87,621.0,36.53,0,10.18,0.0,0,0.15,0.15,1,0.0,0.0,0,0.0,0.0,0,0,0,0.0,0.0,0.0,0,0,0.0,0.0,0.0,0,772.0,1107.0,5.0,157.0,MetLife Stadium,cold,FieldTurf,123.1
Tyler Goodson,IND,RB,2023,6,6,9,34.0,5.67,0,5.67,0.0,0,0.05,-0.0,13,87.0,14.5,0,0.0,0.0,0,0,0,0.0,0.0,0.0,0,0,0.0,0.0,0.0,0,50.0,403.0,0.0,0.0,Lucas Oil Stadium,indoor,FieldTurf,18.1
Tyler Higbee,LA,TE,2023,15,47,70,495.0,33.0,2,10.53,0.0,0,0.14,0.11,0,0.0,0.0,0,0.0,0.0,0,0,0,0.0,0.0,0.0,0,0,0.04,0.0,0.0,0,866.0,1012.0,4.0,110.0,Los Angeles Memorial Coliseum,warm,Grass,108.5
Tyler Huntley,BAL,QB,2023,5,0,0,0.0,0.0,0,0.0,0.0,0,0.0,0.0,15,55.0,11.0,0,0.0,0.0,0,21,37,0.57,203.0,40.6,3,0,0.06,0.0,4.0,0,86.0,311.0,0.0,0.0,M&T Bank Stadium,moderate,FieldTurf,25.62
Tyler Johnson,LA,WR,2023,1,2,3,8.0,8.0,1,4.0,0.0,0,0.13,0.1,0,0.0,0.0,0,0.0,0.0,0,0,0,0.0,0.0,0.0,0,0,0.5,0.0,0.0,0,36.0,67.0,5.0,161.0,Los Angeles Memorial Coliseum,warm,Grass,8.8
Tyler Lockett,SEA,WR,2023,17,79,122,894.0,52.59,5,11.32,0.0,2,0.22,0.34,0,0.0,0.0,0,0.0,0.0,0,0,0,0.0,0.0,0.0,0,0,0.06,0.0,0.0,0,838.0,1063.0,3.0,69.0,CenturyLink Field,moderate,FieldTurf,202.4
Tyler Scott,CHI,WR,2023,13,17,32,168.0,12.92,0,9.88,1.0,0,0.09,0.16,7,41.0,3.15,0,0.0,0.0,0,0,0,0.0,0.0,0.0,0,0,0.0,0.0,0.0,0,371.0,885.0,4.0,133.0,Soldier Field,cold,Grass,35.9
Tyquan Thornton,NE,WR,2023,9,13,23,91.0,10.11,0,7.0,0.0,0,0.08,0.12,3,51.0,5.67,0,0.0,0.0,0,0,0,0.0,0.0,0.0,0,0,0.0,0.0,0.0,0,224.0,537.0,2.0,50.0,Gillette Stadium,cold,FieldTurf,27.2
Tyreek Hill,MIA,WR,2023,16,119,171,1799.0,112.44,13,15.12,1.0,0,0.33,0.44,6,15.0,0.94,0,0.0,0.0,0,0,0,0.0,0.0,0.0,0,0,0.1,0.0,0.0,0,695.0,1044.0,0.0,0.0,Hard Rock Stadium,warm,Grass,376.4
Tyrion Davis-Price,SF,RB,2023,1,0,0,0.0,0.0,0,0.0,0.0,0,0.0,0.0,6,21.0,21.0,0,0.0,0.0,0,0,0,0.0,0.0,0.0,0,0,0.0,0.0,0.0,0,7.0,70.0,3.0,93.0,Levi's Stadium,moderate,Grass,2.1
Tyrod Taylor,NYG,QB,2023,10,0,0,0.0,0.0,0,0.0,0.0,0,0.0,0.0,38,197.0,19.7,0,0.0,2.0,0,116,180,0.64,1341.0,134.1,5,0,0.02,3.0,17.0,2,371.0,691.0,6.0,180.0,MetLife Stadium,cold,FieldTurf,87.34
Tyson Bagent,CHI,QB,2023,5,0,0,0.0,0.0,0,0.0,0.0,0,0.0,0.0,23,109.0,21.8,2,0.09,0.0,0,94,143,0.66,859.0,171.8,3,0,0.03,6.0,5.0,2,305.0,343.0,0.0,0.0,Soldier Field,cold,Grass,53.26
Van Jefferson,ATL,WR,2023,10,12,28,101.0,10.1,0,8.42,0.0,0,0.09,0.18,0,0.0,0.0,0,0.0,0.0,0,0,0,0.0,0.0,0.0,0,0,0.0,0.0,0.0,0,288.0,657.0,2.0,57.0,Mercedes-Benz Stadium,indoor,FieldTurf,22.1
Velus Jones,CHI,WR,2023,10,4,7,20.0,2.0,0,5.0,0.0,0,0.02,0.02,8,51.0,5.1,0,0.0,0.0,0,0,0,0.0,0.0,0.0,0,0,0.0,0.0,0.0,0,0.0,0.0,3.0,71.0,Soldier Field,cold,Grass,11.1
Wan'Dale Robinson,NYG,WR,2023,15,60,78,525.0,35.0,1,8.75,0.0,0,0.18,0.15,9,87.0,5.8,1,0.11,0.0,0,0,0,0.0,0.0,0.0,0,0,0.03,0.0,0.0,0,641.0,972.0,2.0,43.0,MetLife Stadium,cold,FieldTurf,133.2
Will Dissly,SEA,TE,2023,12,17,22,172.0,14.33,1,10.12,0.0,0,0.06,0.03,0,0.0,0.0,0,0.0,0.0,0,0,0,0.0,0.0,0.0,0,0,0.06,0.0,0.0,0,274.0,762.0,4.0,120.0,CenturyLink Field,moderate,FieldTurf,40.2
Will Levis,TEN,QB,2023,9,0,0,0.0,0.0,0,0.0,0.0,0,0.0,0.0,25,57.0,6.33,1,0.04,2.0,0,149,255,0.58,1808.0,200.89,8,1,0.03,4.0,28.0,5,528.0,573.0,2.0,33.0,Nissan Stadium,moderate,Grass,102.02
Will Mallory,IND,TE,2023,11,18,26,207.0,18.82,0,11.5,1.0,0,0.07,0.08,0,0.0,0.0,0,0.0,0.0,0,0,0,0.0,0.0,0.0,0,0,0.0,0.0,0.0,0,151.0,739.0,5.0,162.0,Lucas Oil Stadium,indoor,FieldTurf,38.7
Willie Snead,SF,WR,2023,2,2,3,14.0,7.0,0,7.0,0.0,0,0.05,0.04,0,0.0,0.0,0,0.0,0.0,0,0,0,0.0,0.0,0.0,0,0,0.0,0.0,0.0,0,32.0,124.0,0.0,0.0,Levi's Stadium,moderate,Grass,3.4
Xavier Gipson,NYJ,WR,2023,14,21,38,229.0,16.36,0,10.9,0.0,0,0.08,0.11,8,68.0,4.86,1,0.12,1.0,0,0,0,0.0,0.0,0.0,0,0,0.03,0.0,0.0,0,476.0,925.0,0.0,0.0,MetLife Stadium,cold,FieldTurf,62.7
Xavier Hutchinson,HOU,WR,2023,11,8,19,90.0,8.18,0,11.25,0.0,0,0.05,0.07,5,49.0,4.45,0,0.0,0.0,0,0,0,0.0,0.0,0.0,0,0,0.0,0.0,0.0,0,262.0,768.0,6.0,205.0,NRG Stadium,indoor,Grass,21.9
Zach Charbonnet,SEA,RB,2023,16,33,40,209.0,13.06,0,6.33,0.0,0,0.08,-0.01,108,462.0,28.88,1,0.01,0.0,0,0,0,0.0,0.0,0.0,0,0,0.01,0.0,0.0,0,478.0,997.0,2.0,52.0,CenturyLink Field,moderate,FieldTurf,106.1
Zach Evans,LA,RB,2023,4,0,0,0.0,0.0,0,0.0,0.0,0,0.0,0.0,9,19.0,4.75,0,0.0,0.0,0,0,0,0.0,0.0,0.0,0,0,0.0,0.0,0.0,0,16.0,297.0,6.0,215.0,Los Angeles Memorial Coliseum,warm,Grass,1.9
Zach Pascal,ARI,WR,2023,9,4,15,19.0,2.11,0,4.75,0.0,0,0.05,0.07,0,0.0,0.0,0,0.0,0.0,0,0,0,0.0,0.0,0.0,0,0,0.0,0.0,0.0,0,136.0,600.0,0.0,0.0,State Farm Stadium,indoor,Grass,5.9
Zach Wilson,NYJ,QB,2023,12,0,0,0.0,0.0,0,0.0,0.0,0,0.0,0.0,36,211.0,17.58,0,0.0,4.0,1,221,368,0.6,2271.0,189.25,8,1,0.02,7.0,46.0,7,688.0,747.0,1.0,2.0,MetLife Stadium,cold,FieldTurf,119.94
Zack Moss,IND,RB,2023,14,27,37,192.0,13.71,2,7.11,0.0,1,0.07,-0.01,183,794.0,56.71,5,0.03,0.0,0,0,0,0.0,0.0,0.0,0,0,0.03,0.0,0.0,0,531.0,957.0,3.0,86.0,Lucas Oil Stadium,indoor,FieldTurf,169.6
Zamir White,LV,RB,2023,13,15,19,98.0,7.54,0,6.53,0.0,0,0.04,-0.0,104,451.0,34.69,1,0.01,1.0,0,0,0,0.0,0.0,0.0,0,0,0.01,0.0,0.0,0,227.0,803.0,4.0,122.0,Allegiant Stadium,indoor,Grass,73.9
Zay Flowers,BAL,WR,2023,16,77,108,858.0,53.62,5,11.14,0.0,1,0.24,0.24,8,56.0,3.5,1,0.12,0.0,0,0,0,0.0,0.0,0.0,0,0,0.07,0.0,0.0,0,905.0,1081.0,1.0,22.0,M&T Bank Stadium,moderate,FieldTurf,206.4
Zay Jones,JAX,WR,2023,9,34,64,321.0,35.67,2,9.44,0.0,0,0.18,0.27,0,0.0,0.0,0,0.0,0.0,0,0,0,0.0,0.0,0.0,0,0,0.06,0.0,0.0,0,475.0,655.0,2.0,37.0,TIAA Bank Field,warm,Grass,78.1
