name,team,position,season,fantasy_points_ppr
A.J. Brown,TEN,WR,2019,217.1
A.J. Brown,TEN,WR,2020,247.5
A.J. Brown,TEN,WR,2021,180.9
A.J. Brown,PHI,WR,2022,299.6
A.J. Brown,PHI,WR,2023,289.6
A.J. Brown,PHI,WR,2024,241.0
A.T. Perry,NO,WR,2023,60.6
A.T. Perry,NO,WR,2024,62.04
AJ McCarron,CIN,QB,2017,2.64
AJ McCarron,HOU,QB,2019,16.9
AJ McCarron,HOU,QB,2020,0.8
AJ McCarron,CIN,QB,2023,0.76
AJ McCarron,CIN,QB,2024,12.16
Aaron Jones,GB,RB,2017,80.0
Aaron Jones,GB,RB,2018,171.4
Aaron Jones,GB,RB,2019,314.8
Aaron Jones,GB,RB,2020,258.9
Aaron Jones,GB,RB,2021,229.0
Aaron Jones,GB,RB,2022,248.6
Aaron Jones,GB,RB,2023,134.9
Aaron Jones,GB,RB,2024,202.4
Aaron Rodgers,GB,QB,2013,169.44
Aaron Rodgers,GB,QB,2014,354.14
Aaron Rodgers,GB,QB,2015,301.24
Aaron Rodgers,GB,QB,2016,380.02
Aaron Rodgers,GB,QB,2017,129.6
Aaron Rodgers,GB,QB,2018,312.58
Aaron Rodgers,GB,QB,2019,278.38
Aaron Rodgers,GB,QB,2020,383.26
Aaron Rodgers,GB,QB,2021,333.3
Aaron Rodgers,GB,QB,2022,239.2
Aaron Rodgers,NYJ,QB,2023,0.0
Aaron Rodgers,NYJ,QB,2024,213.59
Adam Thielen,MIN,WR,2014,33.7
Adam Thielen,MIN,WR,2015,35.3
Adam Thielen,MIN,WR,2016,197.2
Adam Thielen,MIN,WR,2017,239.7
Adam Thielen,MIN,WR,2018,307.3
Adam Thielen,MIN,WR,2019,114.4
Adam Thielen,MIN,WR,2020,254.0
Adam Thielen,MIN,WR,2021,199.8
Adam Thielen,MIN,WR,2022,180.0
Adam Thielen,CAR,WR,2023,231.0
Adam Thielen,CAR,WR,2024,155.53
Adam Trautman,NO,TE,2020,38.1
Adam Trautman,NO,TE,2021,63.3
Adam Trautman,NO,TE,2022,44.7
Adam Trautman,DEN,TE,2023,60.4
Adam Trautman,DEN,TE,2024,47.76
Aidan O'Connell,LV,QB,2023,125.82
Aidan O'Connell,LV,QB,2024,123.21
Albert Okwuegbunam,DEN,TE,2020,29.1
Albert Okwuegbunam,DEN,TE,2021,76.0
Albert Okwuegbunam,DEN,TE,2022,25.5
Albert Okwuegbunam,PHI,TE,2023,0.0
Albert Okwuegbunam,PHI,TE,2024,25.96
Alec Pierce,IND,WR,2022,112.3
Alec Pierce,IND,WR,2023,95.4
Alec Pierce,IND,WR,2024,111.24
Alex Armah,CAR,RB,2018,15.0
Alex Armah,CAR,RB,2019,9.7
Alex Armah,CAR,RB,2020,7.7
Alex Armah,WAS,RB,2023,4.3
Alex Armah,WAS,RB,2024,6.11
Alex Erickson,CIN,WR,2016,13.1
Alex Erickson,CIN,WR,2017,37.6
Alex Erickson,CIN,WR,2018,38.9
Alex Erickson,CIN,WR,2019,100.24
Alex Erickson,CIN,WR,2020,24.6
Alex Erickson,CAR,WR,2021,8.5
Alex Erickson,LAC,WR,2023,45.2
Alex Erickson,LAC,WR,2024,39.92
Alexander Mattison,MIN,RB,2019,68.4
Alexander Mattison,MIN,RB,2020,86.9
Alexander Mattison,MIN,RB,2021,125.9
Alexander Mattison,MIN,RB,2022,88.4
Alexander Mattison,MIN,RB,2023,133.2
Alexander Mattison,MIN,RB,2024,106.78
Allen Lazard,GB,WR,2018,1.7
Allen Lazard,GB,WR,2019,102.8
Allen Lazard,GB,WR,2020,97.8
Allen Lazard,GB,WR,2021,142.5
Allen Lazard,GB,WR,2022,174.8
Allen Lazard,NYJ,WR,2023,60.1
Allen Lazard,NYJ,WR,2024,80.92
Allen Robinson,JAX,WR,2014,116.8
Allen Robinson,JAX,WR,2015,304.0
Allen Robinson,JAX,WR,2016,199.3
Allen Robinson,JAX,WR,2017,2.7
Allen Robinson,CHI,WR,2018,153.3
Allen Robinson,CHI,WR,2019,254.9
Allen Robinson,CHI,WR,2020,262.9
Allen Robinson,CHI,WR,2021,87.0
Allen Robinson,LA,WR,2022,84.9
Allen Robinson,PIT,WR,2023,62.0
Allen Robinson,PIT,WR,2024,142.81
Alvin Kamara,NO,RB,2017,320.4
Alvin Kamara,NO,RB,2018,354.2
Alvin Kamara,NO,RB,2019,248.52
Alvin Kamara,NO,RB,2020,377.8
Alvin Kamara,NO,RB,2021,234.7
Alvin Kamara,NO,RB,2022,211.7
Alvin Kamara,NO,RB,2023,233.0
Alvin Kamara,NO,RB,2024,274.51
Amari Cooper,DAL,WR,2018,158.6
Amari Cooper,DAL,WR,2019,246.5
Amari Cooper,DAL,WR,2020,236.8
Amari Cooper,DAL,WR,2021,202.5
Amari Cooper,CLE,WR,2022,246.0
Amari Cooper,CLE,WR,2023,227.0
Amari Cooper,CLE,WR,2024,220.79
Amari Rodgers,GB,WR,2021,9.6
Amari Rodgers,HOU,WR,2022,34.1
Amari Rodgers,IND,WR,2023,0.0
Amari Rodgers,IND,WR,2024,1.19
Ameer Abdullah,DET,RB,2015,117.0
Ameer Abdullah,DET,RB,2016,26.8
Ameer Abdullah,DET,RB,2017,124.4
Ameer Abdullah,MIN,RB,2018,2.0
Ameer Abdullah,MIN,RB,2019,41.3
Ameer Abdullah,MIN,RB,2020,30.0
Ameer Abdullah,CAR,RB,2021,81.8
Ameer Abdullah,LV,RB,2022,54.1
Ameer Abdullah,LV,RB,2023,41.0
Ameer Abdullah,LV,RB,2024,52.91
Amon-Ra St. Brown,DET,WR,2021,227.3
Amon-Ra St. Brown,DET,WR,2022,267.6
Amon-Ra St. Brown,DET,WR,2023,330.9
Amon-Ra St. Brown,DET,WR,2024,269.45
Andrei Iosivas,CIN,WR,2023,50.6
Andrei Iosivas,CIN,WR,2024,42.16
Andrew Ogletree,IND,TE,2023,35.7
Andrew Ogletree,IND,TE,2024,35.88
Andy Dalton,CIN,QB,2013,288.02
Andy Dalton,CIN,QB,2014,225.62
Andy Dalton,CIN,QB,2015,244.2
Andy Dalton,CIN,QB,2016,260.64
Andy Dalton,CIN,QB,2017,210.7
Andy Dalton,CIN,QB,2018,174.54
Andy Dalton,CIN,QB,2019,203.66
Andy Dalton,DAL,QB,2020,136.9
Andy Dalton,CHI,QB,2021,84.2
Andy Dalton,NO,QB,2022,174.24
Andy Dalton,CAR,QB,2023,23.64
Andy Dalton,CAR,QB,2024,175.79
Anthony McFarland,PIT,RB,2020,22.7
Anthony McFarland,PIT,RB,2021,2.4
Anthony McFarland,PIT,RB,2022,6.1
Anthony McFarland,PIT,RB,2023,3.1
Anthony McFarland,PIT,RB,2024,8.17
Anthony Richardson,IND,QB,2023,72.68
Anthony Richardson,IND,QB,2024,69.93
Antoine Green,DET,WR,2023,1.2
Antoine Green,DET,WR,2024,-3.93
Antonio Gibson,WAS,RB,2020,202.2
Antonio Gibson,WAS,RB,2021,229.1
Antonio Gibson,WAS,RB,2022,165.9
Antonio Gibson,WAS,RB,2023,127.4
Antonio Gibson,WAS,RB,2024,182.45
Austin Ekeler,LAC,RB,2017,106.9
Austin Ekeler,LAC,RB,2018,168.8
Austin Ekeler,LAC,RB,2019,311.0
Austin Ekeler,LAC,RB,2020,165.3
Austin Ekeler,LAC,RB,2021,343.8
Austin Ekeler,LAC,RB,2022,372.7
Austin Ekeler,LAC,RB,2023,185.4
Austin Ekeler,LAC,RB,2024,228.25
Austin Hooper,ATL,TE,2016,64.1
Austin Hooper,ATL,TE,2017,119.6
Austin Hooper,ATL,TE,2018,163.0
Austin Hooper,ATL,TE,2019,191.7
Austin Hooper,CLE,TE,2020,113.5
Austin Hooper,CLE,TE,2021,92.5
Austin Hooper,TEN,TE,2022,97.4
Austin Hooper,LV,TE,2023,48.4
Austin Hooper,LV,TE,2024,102.69
Austin Trammell,LA,WR,2022,3.3
Austin Trammell,LA,WR,2023,6.9
Austin Trammell,LA,WR,2024,-4.66
Bailey Zappe,NE,QB,2022,39.64
Bailey Zappe,NE,QB,2023,69.18
Bailey Zappe,NE,QB,2024,70.95
Baker Mayfield,CLE,QB,2018,240.1
Baker Mayfield,CLE,QB,2019,229.18
Baker Mayfield,CLE,QB,2020,248.62
Baker Mayfield,CLE,QB,2021,179.8
Baker Mayfield,LA,QB,2022,47.7
Baker Mayfield,TB,QB,2023,274.06
Baker Mayfield,TB,QB,2024,204.53
Ben Sims,GB,TE,2023,12.1
Ben Sims,GB,TE,2024,24.58
Ben Skowronek,LA,WR,2021,24.3
Ben Skowronek,LA,WR,2022,84.3
Ben Skowronek,LA,WR,2023,21.5
Ben Skowronek,LA,WR,2024,48.3
Bijan Robinson,ATL,RB,2023,246.3
Bijan Robinson,ATL,RB,2024,271.41
Blaine Gabbert,JAX,QB,2013,12.44
Blaine Gabbert,SF,QB,2014,6.02
Blaine Gabbert,SF,QB,2015,129.74
Blaine Gabbert,SF,QB,2016,73.7
Blaine Gabbert,ARI,QB,2017,61.64
Blaine Gabbert,TEN,QB,2018,33.04
Blaine Gabbert,TB,QB,2020,15.32
Blaine Gabbert,TB,QB,2021,1.98
Blaine Gabbert,TB,QB,2022,5.16
Blaine Gabbert,KC,QB,2023,5.9
Blaine Gabbert,KC,QB,2024,17.42
Blake Bell,SF,TE,2015,33.6
Blake Bell,SF,TE,2016,12.5
Blake Bell,MIN,TE,2017,6.9
Blake Bell,JAX,TE,2018,14.7
Blake Bell,KC,TE,2019,14.7
Blake Bell,DAL,TE,2020,22.2
Blake Bell,KC,TE,2021,18.7
Blake Bell,KC,TE,2022,10.0
Blake Bell,KC,TE,2023,11.6
Blake Bell,KC,TE,2024,20.81
Bo Melton,GB,WR,2023,45.9
Bo Melton,GB,WR,2024,67.89
Boston Scott,PHI,RB,2019,98.9
Boston Scott,PHI,RB,2020,95.6
Boston Scott,PHI,RB,2021,98.6
Boston Scott,PHI,RB,2022,46.2
Boston Scott,PHI,RB,2023,17.8
Boston Scott,PHI,RB,2024,69.93
Brandin Cooks,NO,WR,2014,139.3
Brandin Cooks,NO,WR,2015,253.6
Brandin Cooks,NO,WR,2016,246.3
Brandin Cooks,NE,WR,2017,221.2
Brandin Cooks,LA,WR,2018,243.2
Brandin Cooks,LA,WR,2019,117.5
Brandin Cooks,HOU,WR,2020,232.0
Brandin Cooks,HOU,WR,2021,231.8
Brandin Cooks,HOU,WR,2022,145.6
Brandin Cooks,DAL,WR,2023,173.2
Brandin Cooks,DAL,WR,2024,198.71
Brandon Aiyuk,SF,WR,2020,184.5
Brandon Aiyuk,SF,WR,2021,170.3
Brandon Aiyuk,SF,WR,2022,227.8
Brandon Aiyuk,SF,WR,2023,249.2
Brandon Aiyuk,SF,WR,2024,200.93
Brandon Bolden,NE,RB,2013,81.3
Brandon Bolden,NE,RB,2014,17.7
Brandon Bolden,NE,RB,2015,69.7
Brandon Bolden,NE,RB,2016,3.9
Brandon Bolden,NE,RB,2017,8.4
Brandon Bolden,MIA,RB,2018,29.4
Brandon Bolden,NE,RB,2019,50.9
Brandon Bolden,NE,RB,2021,124.1
Brandon Bolden,LV,RB,2022,27.3
Brandon Bolden,LV,RB,2023,11.1
Brandon Bolden,LV,RB,2024,28.55
Brandon Johnson,DEN,WR,2022,16.2
Brandon Johnson,DEN,WR,2023,73.4
Brandon Johnson,DEN,WR,2024,28.9
Brandon Powell,DET,WR,2018,24.3
Brandon Powell,ATL,WR,2020,29.6
Brandon Powell,LA,WR,2021,6.0
Brandon Powell,LA,WR,2022,47.6
Brandon Powell,MIN,WR,2023,69.1
Brandon Powell,MIN,WR,2024,34.62
Braxton Berrios,NYJ,WR,2019,17.5
Braxton Berrios,NYJ,WR,2020,97.3
Braxton Berrios,NYJ,WR,2021,121.1
Braxton Berrios,NYJ,WR,2022,57.68
Braxton Berrios,MIA,WR,2023,57.9
Braxton Berrios,MIA,WR,2024,68.82
Breece Hall,NYJ,RB,2022,115.1
Breece Hall,NYJ,RB,2023,290.5
Breece Hall,NYJ,RB,2024,199.98
Brenton Strange,JAX,TE,2023,14.5
Brenton Strange,JAX,TE,2024,12.3
Brevin Jordan,HOU,TE,2021,55.8
Brevin Jordan,HOU,TE,2022,26.8
Brevin Jordan,HOU,TE,2023,50.9
Brevin Jordan,HOU,TE,2024,42.03
Brian Hoyer,CHI,QB,2016,79.6
Brian Hoyer,NE,QB,2017,1.38
Brian Hoyer,NE,QB,2018,-0.52
Brian Hoyer,IND,QB,2019,21.08
Brian Hoyer,NE,QB,2020,2.0
Brian Hoyer,NE,QB,2021,12.28
Brian Hoyer,NE,QB,2022,1.48
Brian Hoyer,LV,QB,2023,4.94
Brian Hoyer,LV,QB,2024,5.88
Brian Robinson,WAS,RB,2022,112.7
Brian Robinson,WAS,RB,2023,198.1
Brian Robinson,WAS,RB,2024,164.19
Britain Covey,PHI,WR,2023,8.2
Britain Covey,PHI,WR,2024,10.48
Brock Purdy,SF,QB,2022,106.26
Brock Purdy,SF,QB,2023,295.6
Brock Purdy,SF,QB,2024,176.53
Brock Wright,DET,TE,2021,35.7
Brock Wright,DET,TE,2022,63.6
Brock Wright,DET,TE,2023,28.1
Brock Wright,DET,TE,2024,42.42
Bryce Young,CAR,QB,2023,156.38
Bryce Young,CAR,QB,2024,184.9
Brycen Hopkins,LA,TE,2021,1.9
Brycen Hopkins,LA,TE,2022,17.9
Brycen Hopkins,LA,TE,2023,12.8
Brycen Hopkins,LA,TE,2024,13.2
Byron Pringle,KC,WR,2019,35.0
Byron Pringle,KC,WR,2020,41.0
Byron Pringle,KC,WR,2021,128.8
Byron Pringle,CHI,WR,2022,35.5
Byron Pringle,WAS,WR,2023,30.1
Byron Pringle,WAS,WR,2024,48.82
C.J. Beathard,SF,QB,2017,88.8
C.J. Beathard,SF,QB,2018,74.98
C.J. Beathard,SF,QB,2020,52.28
C.J. Beathard,JAX,QB,2021,1.52
C.J. Beathard,JAX,QB,2022,-1.0
C.J. Beathard,JAX,QB,2023,21.46
C.J. Beathard,JAX,QB,2024,22.81
C.J. Stroud,HOU,QB,2023,275.02
C.J. Stroud,HOU,QB,2024,260.11
C.J. Uzomah,CIN,TE,2015,1.4
C.J. Uzomah,CIN,TE,2016,54.4
C.J. Uzomah,CIN,TE,2017,25.2
C.J. Uzomah,CIN,TE,2018,104.9
C.J. Uzomah,CIN,TE,2019,63.2
C.J. Uzomah,CIN,TE,2020,22.7
C.J. Uzomah,CIN,TE,2021,128.3
C.J. Uzomah,NYJ,TE,2022,56.2
C.J. Uzomah,NYJ,TE,2023,19.8
C.J. Uzomah,NYJ,TE,2024,46.92
Cade Otton,TB,TE,2022,93.1
Cade Otton,TB,TE,2023,116.5
Cade Otton,TB,TE,2024,102.88
Calvin Austin,PIT,WR,2023,52.7
Calvin Austin,PIT,WR,2024,49.52
Calvin Ridley,ATL,WR,2018,206.8
Calvin Ridley,ATL,WR,2019,197.0
Calvin Ridley,ATL,WR,2020,281.5
Calvin Ridley,ATL,WR,2021,71.1
Calvin Ridley,JAX,WR,2023,229.9
Calvin Ridley,JAX,WR,2024,186.46
Cam Akers,LA,RB,2020,101.8
Cam Akers,LA,RB,2021,4.3
Cam Akers,LA,RB,2022,141.3
Cam Akers,MIN,RB,2023,37.8
Cam Akers,MIN,RB,2024,55.88
Carson Wentz,PHI,QB,2016,213.98
Carson Wentz,PHI,QB,2017,283.74
Carson Wentz,PHI,QB,2018,193.66
Carson Wentz,PHI,QB,2019,275.86
Carson Wentz,PHI,QB,2020,198.4
Carson Wentz,IND,QB,2021,258.02
Carson Wentz,WAS,QB,2022,112.8
Carson Wentz,LA,QB,2023,26.12
Carson Wentz,LA,QB,2024,192.38
Case Keenum,LA,QB,2016,111.14
Case Keenum,MIN,QB,2017,237.88
Case Keenum,DEN,QB,2018,214.9
Case Keenum,WAS,QB,2019,103.48
Case Keenum,CLE,QB,2020,1.84
Case Keenum,CLE,QB,2021,28.68
Case Keenum,BUF,QB,2022,0.32
Case Keenum,HOU,QB,2023,9.74
Case Keenum,HOU,QB,2024,40.77
Cedric Tillman,CLE,WR,2023,44.2
Cedric Tillman,CLE,WR,2024,49.83
CeeDee Lamb,DAL,WR,2020,217.7
CeeDee Lamb,DAL,WR,2021,232.8
CeeDee Lamb,DAL,WR,2022,301.6
CeeDee Lamb,DAL,WR,2023,405.2
CeeDee Lamb,DAL,WR,2024,277.58
Charlie Jones,CIN,WR,2023,20.7
Charlie Jones,CIN,WR,2024,16.89
Charlie Kolar,BAL,TE,2022,8.9
Charlie Kolar,BAL,TE,2023,21.7
Charlie Kolar,BAL,TE,2024,52.34
Charlie Woerner,SF,TE,2020,6.6
Charlie Woerner,SF,TE,2021,10.2
Charlie Woerner,SF,TE,2022,0.0
Charlie Woerner,SF,TE,2023,6.2
Charlie Woerner,SF,TE,2024,0.94
Chase Brown,CIN,RB,2023,53.5
Chase Brown,CIN,RB,2024,59.11
Chase Claypool,PIT,WR,2020,214.9
Chase Claypool,PIT,WR,2021,166.6
Chase Claypool,CHI,WR,2022,26.4
Chase Claypool,MIA,WR,2023,6.6
Chase Claypool,MIA,WR,2024,84.19
Chase Edmonds,ARI,RB,2018,63.1
Chase Edmonds,ARI,RB,2019,82.8
Chase Edmonds,ARI,RB,2020,168.0
Chase Edmonds,ARI,RB,2021,143.3
Chase Edmonds,DEN,RB,2022,24.6
Chase Edmonds,TB,RB,2023,39.7
Chase Edmonds,TB,RB,2024,89.34
Chigoziem Okonkwo,TEN,TE,2022,97.2
Chigoziem Okonkwo,TEN,TE,2023,113.4
Chigoziem Okonkwo,TEN,TE,2024,111.81
Chris Conley,KC,WR,2015,42.9
Chris Conley,KC,WR,2016,97.0
Chris Conley,KC,WR,2017,28.5
Chris Conley,KC,WR,2018,91.4
Chris Conley,JAX,WR,2019,156.5
Chris Conley,JAX,WR,2020,97.1
Chris Conley,HOU,WR,2021,64.6
Chris Conley,TEN,WR,2022,8.6
Chris Conley,SF,WR,2023,9.9
Chris Conley,SF,WR,2024,66.08
Chris Evans,CIN,RB,2021,49.8
Chris Evans,CIN,RB,2022,12.8
Chris Evans,CIN,RB,2023,2.1
Chris Evans,CIN,RB,2024,17.42
Chris Godwin,TB,WR,2017,92.5
Chris Godwin,TB,WR,2018,185.2
Chris Godwin,TB,WR,2019,276.1
Chris Godwin,TB,WR,2020,191.0
Chris Godwin,TB,WR,2021,242.4
Chris Godwin,TB,WR,2022,222.8
Chris Godwin,TB,WR,2023,209.2
Chris Godwin,TB,WR,2024,206.79
Chris Manhertz,CAR,TE,2016,2.0
Chris Manhertz,CAR,TE,2017,3.7
Chris Manhertz,CAR,TE,2018,13.2
Chris Manhertz,CAR,TE,2019,2.1
Chris Manhertz,CAR,TE,2020,11.2
Chris Manhertz,JAX,TE,2021,19.1
Chris Manhertz,JAX,TE,2022,10.2
Chris Manhertz,DEN,TE,2023,3.6
Chris Manhertz,DEN,TE,2024,5.86
Chris Moore,BAL,WR,2016,19.5
Chris Moore,BAL,WR,2017,59.9
Chris Moore,BAL,WR,2018,46.3
Chris Moore,BAL,WR,2019,5.1
Chris Moore,HOU,WR,2021,55.7
Chris Moore,HOU,WR,2022,115.1
Chris Moore,TEN,WR,2023,68.3
Chris Moore,TEN,WR,2024,46.23
Chris Olave,NO,WR,2022,198.2
Chris Olave,NO,WR,2023,231.3
Chris Olave,NO,WR,2024,229.03
Chris Rodriguez,WAS,RB,2023,37.9
Chris Rodriguez,WAS,RB,2024,39.22
Christian Kirk,ARI,WR,2018,123.5
Christian Kirk,ARI,WR,2019,168.2
Christian Kirk,ARI,WR,2020,146.4
Christian Kirk,ARI,WR,2021,207.62
Christian Kirk,JAX,WR,2022,243.9
Christian Kirk,JAX,WR,2023,150.26
Christian Kirk,JAX,WR,2024,171.29
Christian McCaffrey,CAR,RB,2017,228.6
Christian McCaffrey,CAR,RB,2018,385.5
Christian McCaffrey,CAR,RB,2019,471.2
Christian McCaffrey,CAR,RB,2020,90.4
Christian McCaffrey,CAR,RB,2021,127.5
Christian McCaffrey,SF,RB,2022,238.36
Christian McCaffrey,SF,RB,2023,391.3
Christian McCaffrey,SF,RB,2024,260.97
Christian Watson,GB,WR,2022,164.1
Christian Watson,GB,WR,2023,101.3
Christian Watson,GB,WR,2024,122.67
Chuba Hubbard,CAR,RB,2021,137.6
Chuba Hubbard,CAR,RB,2022,89.7
Chuba Hubbard,CAR,RB,2023,182.5
Chuba Hubbard,CAR,RB,2024,141.96
Clayton Tune,ARI,QB,2023,7.48
Clayton Tune,ARI,QB,2024,2.55
Clyde Edwards-Helaire,KC,RB,2020,176.0
Clyde Edwards-Helaire,KC,RB,2021,117.6
Clyde Edwards-Helaire,KC,RB,2022,98.3
Clyde Edwards-Helaire,KC,RB,2023,70.1
Clyde Edwards-Helaire,KC,RB,2024,121.97
Cody Thompson,SEA,WR,2023,2.0
Cody Thompson,SEA,WR,2024,16.03
Colby Parkinson,SEA,TE,2020,3.6
Colby Parkinson,SEA,TE,2021,8.3
Colby Parkinson,SEA,TE,2022,69.2
Colby Parkinson,SEA,TE,2023,61.7
Colby Parkinson,SEA,TE,2024,39.88
Cole Fotheringham,LV,TE,2023,1.6
Cole Fotheringham,LV,TE,2024,-0.21
Cole Kmet,CHI,TE,2020,62.0
Cole Kmet,CHI,TE,2021,121.2
Cole Kmet,CHI,TE,2022,147.3
Cole Kmet,CHI,TE,2023,181.1
Cole Kmet,CHI,TE,2024,120.32
Cole Turner,WAS,TE,2022,4.3
Cole Turner,WAS,TE,2023,23.0
Cole Turner,WAS,TE,2024,4.77
Collin Johnson,JAX,WR,2020,59.2
Collin Johnson,NYG,WR,2021,21.5
Collin Johnson,CHI,WR,2023,2.1
Collin Johnson,CHI,WR,2024,14.32
Colton Dowell,TEN,WR,2023,1.3
Colton Dowell,TEN,WR,2024,-2.3
Connor Heyward,PIT,TE,2022,35.8
Connor Heyward,PIT,TE,2023,39.7
Connor Heyward,PIT,TE,2024,40.15
Cooper Kupp,LA,WR,2017,176.9
Cooper Kupp,LA,WR,2018,135.1
Cooper Kupp,LA,WR,2019,270.5
Cooper Kupp,LA,WR,2020,210.7
Cooper Kupp,LA,WR,2021,439.5
Cooper Kupp,LA,WR,2022,201.4
Cooper Kupp,LA,WR,2023,164.4
Cooper Kupp,LA,WR,2024,220.09
Cooper Rush,DAL,QB,2017,1.38
Cooper Rush,DAL,QB,2021,24.08
Cooper Rush,DAL,QB,2022,56.64
Cooper Rush,DAL,QB,2023,3.26
Cooper Rush,DAL,QB,2024,12.99
Cordarrelle Patterson,ATL,RB,2021,234.6
Cordarrelle Patterson,ATL,RB,2022,154.7
Cordarrelle Patterson,ATL,RB,2023,36.9
Cordarrelle Patterson,ATL,RB,2024,125.91
Courtland Sutton,DEN,WR,2018,136.3
Courtland Sutton,DEN,WR,2019,222.42
Courtland Sutton,DEN,WR,2020,9.6
Courtland Sutton,DEN,WR,2021,150.24
Courtland Sutton,DEN,WR,2022,159.4
Courtland Sutton,DEN,WR,2023,190.2
Courtland Sutton,DEN,WR,2024,145.6
Craig Reynolds,JAX,RB,2020,1.7
Craig Reynolds,DET,RB,2021,35.2
Craig Reynolds,DET,RB,2022,30.8
Craig Reynolds,DET,RB,2023,31.6
Craig Reynolds,DET,RB,2024,24.13
Curtis Samuel,CAR,WR,2017,32.9
Curtis Samuel,CAR,WR,2018,138.8
Curtis Samuel,CAR,WR,2019,171.7
Curtis Samuel,CAR,WR,2020,212.1
Curtis Samuel,WAS,WR,2021,9.8
Curtis Samuel,WAS,WR,2022,176.3
Curtis Samuel,WAS,WR,2023,157.2
Curtis Samuel,WAS,WR,2024,113.01
D'Andre Swift,DET,RB,2020,189.8
D'Andre Swift,DET,RB,2021,208.9
D'Andre Swift,DET,RB,2022,191.1
D'Andre Swift,PHI,RB,2023,199.3
D'Andre Swift,PHI,RB,2024,193.66
D'Ernest Johnson,CLE,RB,2019,15.2
D'Ernest Johnson,CLE,RB,2020,21.0
D'Ernest Johnson,CLE,RB,2021,104.1
D'Ernest Johnson,CLE,RB,2022,5.4
D'Ernest Johnson,JAX,RB,2023,34.8
D'Ernest Johnson,JAX,RB,2024,33.22
D'Onta Foreman,HOU,RB,2017,57.0
D'Onta Foreman,HOU,RB,2018,10.7
D'Onta Foreman,TEN,RB,2020,17.0
D'Onta Foreman,TEN,RB,2021,93.9
D'Onta Foreman,CAR,RB,2022,131.0
D'Onta Foreman,CHI,RB,2023,91.2
D'Onta Foreman,CHI,RB,2024,56.34
D'Wayne Eskridge,SEA,WR,2021,28.3
D'Wayne Eskridge,SEA,WR,2022,13.8
D'Wayne Eskridge,SEA,WR,2023,0.5
D'Wayne Eskridge,SEA,WR,2024,17.33
D.J. Chark,JAX,WR,2018,29.4
D.J. Chark,JAX,WR,2019,225.8
D.J. Chark,JAX,WR,2020,153.6
D.J. Chark,JAX,WR,2021,34.4
D.J. Chark,DET,WR,2022,98.2
D.J. Chark,CAR,WR,2023,115.5
D.J. Chark,CAR,WR,2024,104.14
D.J. Montgomery,NYJ,WR,2021,6.6
D.J. Montgomery,IND,WR,2023,14.6
D.J. Montgomery,IND,WR,2024,6.59
D.J. Moore,CAR,WR,2018,159.0
D.J. Moore,CAR,WR,2019,230.5
D.J. Moore,CAR,WR,2020,211.5
D.J. Moore,CAR,WR,2021,237.5
D.J. Moore,CAR,WR,2022,199.1
D.J. Moore,CHI,WR,2023,286.5
D.J. Moore,CHI,WR,2024,231.09
DK Metcalf,SEA,WR,2020,273.3
DK Metcalf,SEA,WR,2021,244.3
DK Metcalf,SEA,WR,2022,226.8
DK Metcalf,SEA,WR,2023,225.4
DK Metcalf,SEA,WR,2024,243.09
Dak Prescott,DAL,QB,2016,286.88
Dak Prescott,DAL,QB,2017,260.66
Dak Prescott,DAL,QB,2018,285.9
Dak Prescott,DAL,QB,2019,337.78
Dak Prescott,DAL,QB,2020,135.64
Dak Prescott,DAL,QB,2021,320.56
Dak Prescott,DAL,QB,2022,198.6
Dak Prescott,DAL,QB,2023,342.84
Dak Prescott,DAL,QB,2024,266.98
Dallas Goedert,PHI,TE,2018,90.4
Dallas Goedert,PHI,TE,2019,144.7
Dallas Goedert,PHI,TE,2020,116.4
Dallas Goedert,PHI,TE,2021,165.0
Dallas Goedert,PHI,TE,2022,141.2
Dallas Goedert,PHI,TE,2023,136.3
Dallas Goedert,PHI,TE,2024,134.59
Dalton Kincaid,BUF,TE,2023,150.3
Dalton Kincaid,BUF,TE,2024,161.38
Dalton Schultz,DAL,TE,2018,23.6
Dalton Schultz,DAL,TE,2019,1.6
Dalton Schultz,DAL,TE,2020,146.5
Dalton Schultz,DAL,TE,2021,208.8
Dalton Schultz,DAL,TE,2022,142.7
Dalton Schultz,HOU,TE,2023,150.5
Dalton Schultz,HOU,TE,2024,94.05
Dameon Pierce,HOU,RB,2022,166.4
Dameon Pierce,HOU,RB,2023,82.7
Dameon Pierce,HOU,RB,2024,140.51
Damien Harris,NE,RB,2019,1.2
Damien Harris,NE,RB,2020,91.3
Damien Harris,NE,RB,2021,210.1
Damien Harris,NE,RB,2022,90.9
Damien Harris,BUF,RB,2023,19.0
Damien Harris,BUF,RB,2024,64.1
Damien Williams,MIA,RB,2014,57.9
Damien Williams,MIA,RB,2015,45.1
Damien Williams,MIA,RB,2016,93.4
Damien Williams,MIA,RB,2017,59.6
Damien Williams,KC,RB,2018,98.6
Damien Williams,KC,RB,2019,141.1
Damien Williams,CHI,RB,2021,60.7
Damien Williams,ATL,RB,2022,0.2
Damien Williams,ARI,RB,2023,7.5
Damien Williams,ARI,RB,2024,50.16
Daniel Bellinger,NYG,TE,2022,75.0
Daniel Bellinger,NYG,TE,2023,50.5
Daniel Bellinger,NYG,TE,2024,63.84
Daniel Jones,NYG,QB,2019,216.98
Daniel Jones,NYG,QB,2020,180.02
Daniel Jones,NYG,QB,2021,167.52
Daniel Jones,NYG,QB,2022,289.0
Daniel Jones,NYG,QB,2023,56.96
Daniel Jones,NYG,QB,2024,182.43
Dare Ogunbowale,TB,RB,2019,75.3
Dare Ogunbowale,JAX,RB,2020,29.9
Dare Ogunbowale,JAX,RB,2021,50.1
Dare Ogunbowale,HOU,RB,2022,48.7
Dare Ogunbowale,HOU,RB,2023,7.3
Dare Ogunbowale,HOU,RB,2024,38.7
Darius Slayton,NYG,WR,2019,170.0
Darius Slayton,NYG,WR,2020,141.0
Darius Slayton,NYG,WR,2021,68.6
Darius Slayton,NYG,WR,2022,128.4
Darius Slayton,NYG,WR,2023,151.0
Darius Slayton,NYG,WR,2024,131.88
Darnell Mooney,CHI,WR,2020,152.1
Darnell Mooney,CHI,WR,2021,219.7
Darnell Mooney,CHI,WR,2022,101.5
Darnell Mooney,CHI,WR,2023,78.9
Darnell Mooney,CHI,WR,2024,143.49
Darnell Washington,PIT,TE,2023,13.1
Darnell Washington,PIT,TE,2024,10.28
Darrell Henderson,LA,RB,2019,22.4
Darrell Henderson,LA,RB,2020,129.9
Darrell Henderson,LA,RB,2021,163.4
Darrell Henderson,LA,RB,2023,43.5
Darrell Henderson,LA,RB,2024,80.36
Darren Waller,BAL,TE,2016,30.5
Darren Waller,LV,TE,2020,278.6
Darren Waller,LV,TE,2021,133.5
Darren Waller,LV,TE,2022,84.8
Darren Waller,NYG,TE,2023,113.2
Darren Waller,NYG,TE,2024,121.2
Darrynton Evans,TEN,RB,2020,16.1
Darrynton Evans,TEN,RB,2021,3.8
Darrynton Evans,CHI,RB,2022,10.7
Darrynton Evans,MIA,RB,2023,1.6
Darrynton Evans,MIA,RB,2024,2.87
Davante Adams,GB,WR,2014,100.6
Davante Adams,GB,WR,2015,107.5
Davante Adams,GB,WR,2016,246.7
Davante Adams,GB,WR,2017,222.5
Davante Adams,GB,WR,2018,329.6
Davante Adams,GB,WR,2019,212.7
Davante Adams,GB,WR,2020,358.4
Davante Adams,GB,WR,2021,344.3
Davante Adams,LV,WR,2022,335.5
Davante Adams,LV,WR,2023,265.4
Davante Adams,LV,WR,2024,233.91
David Bell,CLE,WR,2022,45.4
David Bell,CLE,WR,2023,48.7
David Bell,CLE,WR,2024,50.45
David Montgomery,CHI,RB,2019,170.4
David Montgomery,CHI,RB,2020,264.8
David Montgomery,CHI,RB,2021,195.0
David Montgomery,CHI,RB,2022,177.7
David Montgomery,DET,RB,2023,207.2
David Montgomery,DET,RB,2024,210.67
David Moore,SEA,WR,2018,101.0
David Moore,SEA,WR,2019,59.6
David Moore,SEA,WR,2020,118.8
David Moore,TB,WR,2023,20.4
David Moore,TB,WR,2024,67.16
David Njoku,CLE,TE,2017,94.7
David Njoku,CLE,TE,2018,143.9
David Njoku,CLE,TE,2019,15.1
David Njoku,CLE,TE,2020,52.3
David Njoku,CLE,TE,2021,107.6
David Njoku,CLE,TE,2022,142.0
David Njoku,CLE,TE,2023,201.2
David Njoku,CLE,TE,2024,106.77
David Wells,TB,TE,2023,1.0
David Wells,TB,TE,2024,-29.1
Davis Allen,LA,TE,2023,25.5
Davis Allen,LA,TE,2024,34.78
Davis Mills,HOU,QB,2021,156.96
Davis Mills,HOU,QB,2022,181.52
Davis Mills,HOU,QB,2023,17.82
Davis Mills,HOU,QB,2024,94.5
Dawson Knox,BUF,TE,2019,79.7
Dawson Knox,BUF,TE,2020,66.8
Dawson Knox,BUF,TE,2021,163.7
Dawson Knox,BUF,TE,2022,135.7
Dawson Knox,BUF,TE,2023,54.6
Dawson Knox,BUF,TE,2024,97.0
DeAndre Carter,HOU,WR,2018,40.2
DeAndre Carter,HOU,WR,2019,27.2
DeAndre Carter,WAS,WR,2021,86.5
DeAndre Carter,LAC,WR,2022,114.3
DeAndre Carter,LV,WR,2023,9.7
DeAndre Carter,LV,WR,2024,50.57
DeAndre Hopkins,HOU,WR,2016,197.4
DeAndre Hopkins,HOU,WR,2017,309.8
DeAndre Hopkins,HOU,WR,2018,333.5
DeAndre Hopkins,HOU,WR,2019,268.54
DeAndre Hopkins,ARI,WR,2020,287.8
DeAndre Hopkins,ARI,WR,2021,147.2
DeAndre Hopkins,ARI,WR,2022,151.7
DeAndre Hopkins,TEN,WR,2023,223.6
DeAndre Hopkins,TEN,WR,2024,243.39
DeVante Parker,MIA,WR,2015,93.4
DeVante Parker,MIA,WR,2016,154.4
DeVante Parker,MIA,WR,2017,130.0
DeVante Parker,MIA,WR,2018,60.9
DeVante Parker,MIA,WR,2019,246.2
DeVante Parker,MIA,WR,2020,166.3
DeVante Parker,MIA,WR,2021,103.5
DeVante Parker,NE,WR,2022,102.9
DeVante Parker,NE,WR,2023,72.4
DeVante Parker,NE,WR,2024,129.56
DeVonta Smith,PHI,WR,2021,185.6
DeVonta Smith,PHI,WR,2022,254.6
DeVonta Smith,PHI,WR,2023,227.6
DeVonta Smith,PHI,WR,2024,221.83
DeeJay Dallas,SEA,RB,2020,56.9
DeeJay Dallas,SEA,RB,2021,60.1
DeeJay Dallas,SEA,RB,2022,46.2
DeeJay Dallas,SEA,RB,2023,12.2
DeeJay Dallas,SEA,RB,2024,49.33
Deebo Samuel,SF,WR,2019,189.1
Deebo Samuel,SF,WR,2020,80.7
Deebo Samuel,SF,WR,2021,338.96
Deebo Samuel,SF,WR,2022,168.4
Deebo Samuel,SF,WR,2023,243.7
Deebo Samuel,SF,WR,2024,196.97
Demarcus Robinson,KC,WR,2017,42.2
Demarcus Robinson,KC,WR,2018,74.8
Demarcus Robinson,KC,WR,2019,100.9
Demarcus Robinson,KC,WR,2020,107.6
Demarcus Robinson,KC,WR,2021,69.4
Demarcus Robinson,BAL,WR,2022,103.8
Demarcus Robinson,LA,WR,2023,87.4
Demarcus Robinson,LA,WR,2024,82.57
Demario Douglas,NE,WR,2023,107.2
Demario Douglas,NE,WR,2024,129.41
Deon Jackson,IND,RB,2021,9.1
Deon Jackson,IND,RB,2022,84.5
Deon Jackson,NYG,RB,2023,0.2
Deon Jackson,NYG,RB,2024,1.36
Deonte Harty,NO,WR,2022,3.3
Deonte Harty,BUF,WR,2023,42.0
Deonte Harty,BUF,WR,2024,20.04
Derek Carr,LV,QB,2020,272.12
Derek Carr,LV,QB,2021,256.96
Derek Carr,LV,QB,2022,219.08
Derek Carr,NO,QB,2023,241.12
Derek Carr,NO,QB,2024,259.05
Derius Davis,LAC,WR,2023,37.7
Derius Davis,LAC,WR,2024,38.89
Derrick Gore,KC,RB,2021,56.1
Derrick Gore,WAS,RB,2023,2.6
Derrick Gore,WAS,RB,2024,21.26
Derrick Henry,TEN,RB,2016,105.7
Derrick Henry,TEN,RB,2017,135.0
Derrick Henry,TEN,RB,2018,201.36
Derrick Henry,TEN,RB,2019,294.6
Derrick Henry,TEN,RB,2020,333.1
Derrick Henry,TEN,RB,2021,193.3
Derrick Henry,TEN,RB,2022,302.76
Derrick Henry,TEN,RB,2023,246.66
Derrick Henry,TEN,RB,2024,219.49
Deshaun Watson,HOU,QB,2017,168.86
Deshaun Watson,HOU,QB,2018,331.7
Deshaun Watson,HOU,QB,2019,320.98
Deshaun Watson,HOU,QB,2020,369.32
Deshaun Watson,CLE,QB,2022,85.58
Deshaun Watson,CLE,QB,2023,86.8
Deshaun Watson,CLE,QB,2024,206.83
Desmond Ridder,ATL,QB,2022,38.72
Desmond Ridder,ATL,QB,2023,181.14
Desmond Ridder,ATL,QB,2024,120.92
Deuce Vaughn,DAL,RB,2023,15.0
Deuce Vaughn,DAL,RB,2024,8.81
Deven Thompkins,TB,WR,2022,10.8
Deven Thompkins,TB,WR,2023,34.9
Deven Thompkins,TB,WR,2024,31.48
Devin Duvernay,BAL,WR,2020,53.1
Devin Duvernay,BAL,WR,2021,77.2
Devin Duvernay,BAL,WR,2022,116.1
Devin Duvernay,BAL,WR,2023,7.3
Devin Duvernay,BAL,WR,2024,59.83
Devin Singletary,BUF,RB,2019,147.9
Devin Singletary,BUF,RB,2020,143.6
Devin Singletary,BUF,RB,2021,197.8
Devin Singletary,BUF,RB,2022,177.9
Devin Singletary,HOU,RB,2023,167.34
Devin Singletary,HOU,RB,2024,182.95
Devine Ozigbo,JAX,RB,2019,8.0
Devine Ozigbo,JAX,RB,2020,13.3
Devine Ozigbo,DEN,RB,2022,1.7
Devine Ozigbo,DET,RB,2023,2.3
Devine Ozigbo,DET,RB,2024,9.04
Diontae Johnson,PIT,WR,2019,165.1
Diontae Johnson,PIT,WR,2020,223.8
Diontae Johnson,PIT,WR,2021,274.4
Diontae Johnson,PIT,WR,2022,180.7
Diontae Johnson,PIT,WR,2023,152.7
Diontae Johnson,PIT,WR,2024,201.14
Donald Parham,LAC,TE,2020,43.9
Donald Parham,LAC,TE,2021,59.0
Donald Parham,LAC,TE,2022,29.0
Donald Parham,LAC,TE,2023,79.5
Donald Parham,LAC,TE,2024,53.13
Donovan Peoples-Jones,CLE,WR,2020,58.4
Donovan Peoples-Jones,CLE,WR,2021,109.7
Donovan Peoples-Jones,CLE,WR,2022,167.1
Donovan Peoples-Jones,DET,WR,2023,10.8
Donovan Peoples-Jones,DET,WR,2024,80.03
Dontayvion Wicks,GB,WR,2023,119.76
Dontayvion Wicks,GB,WR,2024,116.1
Dorian Thompson-Robinson,CLE,QB,2023,22.1
Dorian Thompson-Robinson,CLE,QB,2024,13.58
Drake London,ATL,WR,2022,178.6
Drake London,ATL,WR,2023,174.38
Drake London,ATL,WR,2024,189.59
Drew Lock,DEN,QB,2019,68.0
Drew Lock,DEN,QB,2020,181.32
Drew Lock,DEN,QB,2021,51.88
Drew Lock,SEA,QB,2023,29.12
Drew Lock,SEA,QB,2024,77.59
Drew Sample,CIN,TE,2019,8.0
Drew Sample,CIN,TE,2020,78.9
Drew Sample,CIN,TE,2021,19.1
Drew Sample,CIN,TE,2022,1.8
Drew Sample,CIN,TE,2023,50.3
Drew Sample,CIN,TE,2024,24.11
Durham Smythe,MIA,TE,2018,11.0
Durham Smythe,MIA,TE,2019,13.5
Durham Smythe,MIA,TE,2020,58.8
Durham Smythe,MIA,TE,2021,70.0
Durham Smythe,MIA,TE,2022,40.0
Durham Smythe,MIA,TE,2023,71.6
Durham Smythe,MIA,TE,2024,42.67
Dyami Brown,WAS,WR,2021,28.1
Dyami Brown,WAS,WR,2022,32.8
Dyami Brown,WAS,WR,2023,34.96
Dyami Brown,WAS,WR,2024,26.0
Easton Stick,LAC,QB,2020,-0.04
Easton Stick,LAC,QB,2023,67.56
Easton Stick,LAC,QB,2024,-48.91
Elijah Cooks,JAX,WR,2023,6.8
Elijah Cooks,JAX,WR,2024,11.19
Elijah Dotson,LAC,RB,2023,3.9
Elijah Dotson,LAC,RB,2024,-7.69
Elijah Higgins,ARI,TE,2023,36.3
Elijah Higgins,ARI,TE,2024,39.66
Elijah Mitchell,SF,RB,2021,165.0
Elijah Mitchell,SF,RB,2022,43.6
Elijah Mitchell,SF,RB,2023,47.5
Elijah Mitchell,SF,RB,2024,86.8
Elijah Moore,NYJ,WR,2021,138.2
Elijah Moore,NYJ,WR,2022,88.1
Elijah Moore,CLE,WR,2023,132.1
Elijah Moore,CLE,WR,2024,130.0
Emanuel Wilson,GB,RB,2023,14.8
Emanuel Wilson,GB,RB,2024,22.2
Emari Demercado,ARI,RB,2023,73.3
Emari Demercado,ARI,RB,2024,75.3
Equanimeous St. Brown,GB,WR,2018,54.3
Equanimeous St. Brown,GB,WR,2020,25.4
Equanimeous St. Brown,GB,WR,2021,20.2
Equanimeous St. Brown,CHI,WR,2022,62.7
Equanimeous St. Brown,CHI,WR,2023,11.2
Equanimeous St. Brown,CHI,WR,2024,30.64
Eric Gray,NYG,RB,2023,13.0
Eric Gray,NYG,RB,2024,2.15
Eric Saubert,ATL,TE,2018,9.8
Eric Saubert,CHI,TE,2019,4.1
Eric Saubert,JAX,TE,2020,4.6
Eric Saubert,DEN,TE,2021,18.7
Eric Saubert,DEN,TE,2022,35.8
Eric Saubert,HOU,TE,2023,4.2
Eric Saubert,HOU,TE,2024,10.11
Erik Ezukanma,MIA,WR,2022,1.3
Erik Ezukanma,MIA,WR,2023,2.2
Erik Ezukanma,MIA,WR,2024,2.84
Evan Engram,NYG,TE,2017,173.6
Evan Engram,NYG,TE,2018,126.3
Evan Engram,NYG,TE,2019,109.4
Evan Engram,NYG,TE,2020,141.0
Evan Engram,NYG,TE,2021,102.5
Evan Engram,JAX,TE,2022,176.9
Evan Engram,JAX,TE,2023,230.3
Evan Engram,JAX,TE,2024,157.95
Evan Hull,IND,RB,2023,1.7
Evan Hull,IND,RB,2024,-7.12
Ezekiel Elliott,DAL,RB,2016,325.4
Ezekiel Elliott,DAL,RB,2017,201.2
Ezekiel Elliott,DAL,RB,2018,329.1
Ezekiel Elliott,DAL,RB,2019,311.7
Ezekiel Elliott,DAL,RB,2020,223.7
Ezekiel Elliott,DAL,RB,2021,252.06
Ezekiel Elliott,DAL,RB,2022,185.8
Ezekiel Elliott,NE,RB,2023,174.5
Ezekiel Elliott,NE,RB,2024,255.79
Foster Moreau,LV,TE,2020,33.0
Foster Moreau,LV,TE,2021,85.3
Foster Moreau,LV,TE,2022,87.0
Foster Moreau,NO,TE,2023,46.3
Foster Moreau,NO,TE,2024,64.72
Gabe Davis,BUF,WR,2022,171.6
Gabe Davis,BUF,WR,2023,161.4
Gabe Davis,BUF,WR,2024,167.15
Gardner Minshew,JAX,QB,2019,229.24
Gardner Minshew,JAX,QB,2020,160.66
Gardner Minshew,PHI,QB,2021,33.66
Gardner Minshew,PHI,QB,2022,36.82
Gardner Minshew,IND,QB,2023,196.2
Gardner Minshew,IND,QB,2024,116.7
Garrett Wilson,NYJ,WR,2022,215.7
Garrett Wilson,NYJ,WR,2023,213.2
Garrett Wilson,NYJ,WR,2024,245.33
Gary Brightwell,NYG,RB,2021,2.0
Gary Brightwell,NYG,RB,2022,29.0
Gary Brightwell,NYG,RB,2023,11.6
Gary Brightwell,NYG,RB,2024,2.06
Geno Smith,NYJ,QB,2013,194.74
Geno Smith,NYJ,QB,2014,150.8
Geno Smith,NYJ,QB,2015,20.0
Geno Smith,NYJ,QB,2016,7.94
Geno Smith,NYG,QB,2017,9.68
Geno Smith,LAC,QB,2018,-1.48
Geno Smith,SEA,QB,2020,1.12
Geno Smith,SEA,QB,2021,54.28
Geno Smith,SEA,QB,2022,303.88
Geno Smith,SEA,QB,2023,227.26
Geno Smith,SEA,QB,2024,65.68
Geoff Swaim,DAL,TE,2015,1.0
Geoff Swaim,DAL,TE,2016,12.9
Geoff Swaim,DAL,TE,2017,4.5
Geoff Swaim,DAL,TE,2018,56.2
Geoff Swaim,JAX,TE,2019,19.5
Geoff Swaim,TEN,TE,2020,23.3
Geoff Swaim,TEN,TE,2021,70.0
Geoff Swaim,TEN,TE,2022,23.8
Geoff Swaim,ARI,TE,2023,19.4
Geoff Swaim,ARI,TE,2024,21.28
George Kittle,SF,TE,2017,106.5
George Kittle,SF,TE,2018,258.7
George Kittle,SF,TE,2019,222.5
George Kittle,SF,TE,2020,125.1
George Kittle,SF,TE,2021,198.0
George Kittle,SF,TE,2022,200.5
George Kittle,SF,TE,2023,203.2
George Kittle,SF,TE,2024,187.58
George Pickens,PIT,WR,2022,166.5
George Pickens,PIT,WR,2023,208.8
George Pickens,PIT,WR,2024,186.15
Gerald Everett,LA,TE,2017,51.7
Gerald Everett,LA,TE,2018,86.6
Gerald Everett,LA,TE,2019,89.8
Gerald Everett,LA,TE,2020,92.9
Gerald Everett,SEA,TE,2021,117.8
Gerald Everett,LAC,TE,2022,139.5
Gerald Everett,LAC,TE,2023,111.1
Gerald Everett,LAC,TE,2024,102.84
Giovanni Ricci,CAR,TE,2022,18.0
Giovanni Ricci,CAR,TE,2023,1.2
Giovanni Ricci,CAR,TE,2024,3.95
Grant Calcaterra,PHI,TE,2022,13.1
Grant Calcaterra,PHI,TE,2023,7.9
Grant Calcaterra,PHI,TE,2024,17.67
Greg Dortch,ARI,WR,2021,6.9
Greg Dortch,ARI,WR,2022,115.1
Greg Dortch,ARI,WR,2023,64.5
Greg Dortch,ARI,WR,2024,51.16
Greg Dulcich,DEN,TE,2022,86.1
Greg Dulcich,DEN,TE,2023,5.5
Greg Dulcich,DEN,TE,2024,21.28
Gunner Olszewski,NE,WR,2019,5.4
Gunner Olszewski,NE,WR,2020,25.5
Gunner Olszewski,NE,WR,2021,6.0
Gunner Olszewski,PIT,WR,2022,14.2
Gunner Olszewski,NYG,WR,2023,6.0
Gunner Olszewski,NYG,WR,2024,5.97
Gus Edwards,BAL,RB,2018,89.8
Gus Edwards,BAL,RB,2019,92.6
Gus Edwards,BAL,RB,2020,128.2
Gus Edwards,BAL,RB,2022,59.3
Gus Edwards,BAL,RB,2023,187.0
Gus Edwards,BAL,RB,2024,114.82
Harrison Bryant,CLE,TE,2020,61.8
Harrison Bryant,CLE,TE,2021,62.3
Harrison Bryant,CLE,TE,2022,61.7
Harrison Bryant,CLE,TE,2023,37.9
Harrison Bryant,CLE,TE,2024,54.44
Hayden Hurst,BAL,TE,2018,35.3
Hayden Hurst,BAL,TE,2019,76.9
Hayden Hurst,ATL,TE,2020,149.1
Hayden Hurst,ATL,TE,2021,64.1
Hayden Hurst,CIN,TE,2022,105.4
Hayden Hurst,CAR,TE,2023,42.4
Hayden Hurst,CAR,TE,2024,67.93
Hunter Henry,LAC,TE,2017,126.9
Hunter Henry,LAC,TE,2019,150.2
Hunter Henry,LAC,TE,2020,145.3
Hunter Henry,NE,TE,2021,164.3
Hunter Henry,NE,TE,2022,103.9
Hunter Henry,NE,TE,2023,119.9
Hunter Henry,NE,TE,2024,124.12
Hunter Luepke,DAL,RB,2023,12.7
Hunter Luepke,DAL,RB,2024,12.52
Hunter Renfrow,LV,WR,2020,131.6
Hunter Renfrow,LV,WR,2021,259.1
Hunter Renfrow,LV,WR,2022,79.0
Hunter Renfrow,LV,WR,2023,48.5
Hunter Renfrow,LV,WR,2024,116.61
Ian Thomas,CAR,TE,2018,81.3
Ian Thomas,CAR,TE,2019,35.6
Ian Thomas,CAR,TE,2020,40.5
Ian Thomas,CAR,TE,2021,36.8
Ian Thomas,CAR,TE,2022,40.7
Ian Thomas,CAR,TE,2023,10.6
Ian Thomas,CAR,TE,2024,32.28
Ihmir Smith-Marsette,MIN,WR,2021,28.6
Ihmir Smith-Marsette,CAR,WR,2023,32.5
Ihmir Smith-Marsette,CAR,WR,2024,43.05
Irv Smith,MIN,TE,2019,79.1
Irv Smith,MIN,TE,2020,98.5
Irv Smith,MIN,TE,2022,55.2
Irv Smith,CIN,TE,2023,33.5
Irv Smith,CIN,TE,2024,63.83
Irvin Charles,NYJ,WR,2023,0.0
Irvin Charles,NYJ,WR,2024,-5.56
Isaiah Hodgins,NYG,WR,2022,92.1
Isaiah Hodgins,NYG,WR,2023,60.0
Isaiah Hodgins,NYG,WR,2024,71.85
Isaiah Likely,BAL,TE,2022,91.3
Isaiah Likely,BAL,TE,2023,101.1
Isaiah Likely,BAL,TE,2024,98.95
Isaiah McKenzie,DEN,WR,2017,7.3
Isaiah McKenzie,BUF,WR,2018,54.5
Isaiah McKenzie,BUF,WR,2019,63.3
Isaiah McKenzie,BUF,WR,2020,99.58
Isaiah McKenzie,BUF,WR,2021,54.5
Isaiah McKenzie,BUF,WR,2022,119.8
Isaiah McKenzie,IND,WR,2023,20.6
Isaiah McKenzie,IND,WR,2024,54.1
Isaiah Spiller,LAC,RB,2022,8.4
Isaiah Spiller,LAC,RB,2023,19.0
Isaiah Spiller,LAC,RB,2024,11.72
Isiah Pacheco,KC,RB,2022,135.0
Isiah Pacheco,KC,RB,2023,213.9
Isiah Pacheco,KC,RB,2024,185.07
Israel Abanikanda,NYJ,RB,2023,18.3
Israel Abanikanda,NYJ,RB,2024,5.58
J.K. Dobbins,BAL,RB,2020,168.5
J.K. Dobbins,BAL,RB,2022,81.2
J.K. Dobbins,BAL,RB,2023,11.7
J.K. Dobbins,BAL,RB,2024,83.8
Ja'Marr Chase,CIN,WR,2021,304.6
Ja'Marr Chase,CIN,WR,2022,242.4
Ja'Marr Chase,CIN,WR,2023,262.72
Ja'Marr Chase,CIN,WR,2024,261.09
Jack Stoll,PHI,TE,2021,6.2
Jack Stoll,PHI,TE,2022,23.3
Jack Stoll,PHI,TE,2023,8.8
Jack Stoll,PHI,TE,2024,13.01
Jacoby Brissett,NE,QB,2016,28.3
Jacoby Brissett,IND,QB,2017,205.92
Jacoby Brissett,IND,QB,2018,-0.62
Jacoby Brissett,IND,QB,2019,217.68
Jacoby Brissett,IND,QB,2020,20.58
Jacoby Brissett,MIA,QB,2021,72.32
Jacoby Brissett,CLE,QB,2022,168.62
Jacoby Brissett,WAS,QB,2023,22.86
Jacoby Brissett,WAS,QB,2024,69.67
Jahan Dotson,WAS,WR,2022,130.6
Jahan Dotson,WAS,WR,2023,124.8
Jahan Dotson,WAS,WR,2024,118.03
Jahmyr Gibbs,DET,RB,2023,242.1
Jahmyr Gibbs,DET,RB,2024,231.89
Jake Bobo,SEA,WR,2023,56.9
Jake Bobo,SEA,WR,2024,75.84
Jake Browning,CIN,QB,2023,144.44
Jake Browning,CIN,QB,2024,154.18
Jake Ferguson,DAL,TE,2022,48.4
Jake Ferguson,DAL,TE,2023,177.1
Jake Ferguson,DAL,TE,2024,104.84
Jakobi Meyers,NE,WR,2019,61.9
Jakobi Meyers,NE,WR,2020,142.52
Jakobi Meyers,NE,WR,2021,186.3
Jakobi Meyers,NE,WR,2022,184.3
Jakobi Meyers,LV,WR,2023,218.58
Jakobi Meyers,LV,WR,2024,155.46
Jaleel McLaughlin,DEN,RB,2023,106.0
Jaleel McLaughlin,DEN,RB,2024,101.83
Jalen Brooks,DAL,WR,2023,12.4
Jalen Brooks,DAL,WR,2024,25.6
Jalen Guyton,LAC,WR,2019,0.0
Jalen Guyton,LAC,WR,2020,97.1
Jalen Guyton,LAC,WR,2021,97.2
Jalen Guyton,LAC,WR,2022,8.4
Jalen Guyton,LAC,WR,2023,24.9
Jalen Guyton,LAC,WR,2024,33.61
Jalen Hurts,PHI,QB,2020,109.14
Jalen Hurts,PHI,QB,2021,312.16
Jalen Hurts,PHI,QB,2022,378.04
Jalen Hurts,PHI,QB,2023,356.82
Jalen Hurts,PHI,QB,2024,268.01
Jalen Nailor,MIN,WR,2022,32.9
Jalen Nailor,MIN,WR,2023,5.9
Jalen Nailor,MIN,WR,2024,20.79
Jalen Reagor,PHI,WR,2020,87.2
Jalen Reagor,PHI,WR,2021,78.1
Jalen Reagor,MIN,WR,2022,26.9
Jalen Reagor,NE,WR,2023,28.5
Jalen Reagor,NE,WR,2024,49.4
Jalen Tolbert,DAL,WR,2022,3.2
Jalen Tolbert,DAL,WR,2023,60.8
Jalen Tolbert,DAL,WR,2024,17.66
Jalin Hyatt,NYG,WR,2023,60.3
Jalin Hyatt,NYG,WR,2024,56.53
Jamaal Williams,GB,RB,2017,142.8
Jamaal Williams,GB,RB,2018,114.4
Jamaal Williams,GB,RB,2019,146.3
Jamaal Williams,GB,RB,2020,127.1
Jamaal Williams,DET,RB,2021,119.8
Jamaal Williams,DET,RB,2022,225.9
Jamaal Williams,NO,RB,2023,60.8
Jamaal Williams,NO,RB,2024,135.93
Jamal Agnew,DET,WR,2020,31.2
Jamal Agnew,JAX,WR,2021,82.0
Jamal Agnew,JAX,WR,2022,70.3
Jamal Agnew,JAX,WR,2023,40.3
Jamal Agnew,JAX,WR,2024,53.7
Jameis Winston,TB,QB,2015,274.98
Jameis Winston,TB,QB,2016,256.1
Jameis Winston,TB,QB,2017,201.66
Jameis Winston,TB,QB,2018,195.78
Jameis Winston,TB,QB,2019,305.36
Jameis Winston,NO,QB,2020,2.4
Jameis Winston,NO,QB,2021,117.4
Jameis Winston,NO,QB,2022,43.92
Jameis Winston,NO,QB,2023,11.96
Jameis Winston,NO,QB,2024,140.1
James Conner,PIT,RB,2017,14.4
James Conner,PIT,RB,2018,280.0
James Conner,PIT,RB,2019,145.5
James Conner,PIT,RB,2020,164.6
James Conner,ARI,RB,2021,257.7
James Conner,ARI,RB,2022,200.2
James Conner,ARI,RB,2023,201.5
James Conner,ARI,RB,2024,170.46
James Cook,BUF,RB,2022,105.7
James Cook,BUF,RB,2023,232.7
James Cook,BUF,RB,2024,187.63
James Mitchell,DET,TE,2022,28.3
James Mitchell,DET,TE,2023,4.8
James Mitchell,DET,TE,2024,22.34
James Proche,BAL,WR,2020,2.4
James Proche,BAL,WR,2021,36.2
James Proche,BAL,WR,2022,12.2
James Proche,CLE,WR,2023,0.0
James Proche,CLE,WR,2024,5.63
Jameson Williams,DET,WR,2022,15.1
Jameson Williams,DET,WR,2023,80.3
Jameson Williams,DET,WR,2024,37.18
Jamison Crowder,WAS,WR,2015,135.6
Jamison Crowder,WAS,WR,2016,197.5
Jamison Crowder,WAS,WR,2017,166.3
Jamison Crowder,WAS,WR,2018,82.8
Jamison Crowder,NYJ,WR,2019,197.7
Jamison Crowder,NYJ,WR,2020,172.02
Jamison Crowder,NYJ,WR,2021,109.7
Jamison Crowder,BUF,WR,2022,12.0
Jamison Crowder,WAS,WR,2023,37.9
Jamison Crowder,WAS,WR,2024,111.0
Jared Goff,LA,QB,2016,53.16
Jared Goff,LA,QB,2017,255.26
Jared Goff,LA,QB,2018,312.32
Jared Goff,LA,QB,2019,247.52
Jared Goff,LA,QB,2020,239.98
Jared Goff,DET,QB,2021,194.5
Jared Goff,DET,QB,2022,284.32
Jared Goff,DET,QB,2023,289.1
Jared Goff,DET,QB,2024,234.66
Jaren Hall,MIN,QB,2023,2.12
Jaren Hall,MIN,QB,2024,11.47
Jarrett Stidham,NE,QB,2019,-1.64
Jarrett Stidham,NE,QB,2020,12.94
Jarrett Stidham,LV,QB,2022,42.64
Jarrett Stidham,DEN,QB,2023,26.64
Jarrett Stidham,DEN,QB,2024,39.33
Jashaun Corbin,NYG,RB,2023,4.3
Jashaun Corbin,NYG,RB,2024,-15.4
Jason Brownlee,NYJ,WR,2023,16.6
Jason Brownlee,NYJ,WR,2024,9.14
Jauan Jennings,SF,WR,2021,82.2
Jauan Jennings,SF,WR,2022,82.6
Jauan Jennings,SF,WR,2023,51.5
Jauan Jennings,SF,WR,2024,65.33
Javonte Williams,DEN,RB,2021,204.9
Javonte Williams,DEN,RB,2022,42.0
Javonte Williams,DEN,RB,2023,179.2
Javonte Williams,DEN,RB,2024,150.12
Jaxon Smith-Njigba,SEA,WR,2023,149.8
Jaxon Smith-Njigba,SEA,WR,2024,159.75
Jayden Reed,GB,WR,2023,217.2
Jayden Reed,GB,WR,2024,193.08
Jaylen Waddle,MIA,WR,2021,247.8
Jaylen Waddle,MIA,WR,2022,259.2
Jaylen Waddle,MIA,WR,2023,198.6
Jaylen Waddle,MIA,WR,2024,238.53
Jaylen Warren,PIT,RB,2022,93.3
Jaylen Warren,PIT,RB,2023,196.4
Jaylen Warren,PIT,RB,2024,158.35
Jeff Driskel,CIN,QB,2018,85.12
Jeff Driskel,DET,QB,2019,58.1
Jeff Driskel,DEN,QB,2020,30.08
Jeff Driskel,HOU,QB,2022,17.22
Jeff Driskel,CLE,QB,2023,13.94
Jeff Driskel,CLE,QB,2024,67.84
Jeremy Ruckert,NYJ,TE,2022,1.8
Jeremy Ruckert,NYJ,TE,2023,31.1
Jeremy Ruckert,NYJ,TE,2024,5.59
Jerick McKinnon,MIN,RB,2014,94.3
Jerick McKinnon,MIN,RB,2015,83.4
Jerick McKinnon,MIN,RB,2016,148.4
Jerick McKinnon,MIN,RB,2017,178.1
Jerick McKinnon,SF,RB,2020,126.2
Jerick McKinnon,KC,RB,2021,35.9
Jerick McKinnon,KC,RB,2022,196.3
Jerick McKinnon,KC,RB,2023,84.36
Jerick McKinnon,KC,RB,2024,117.82
Jerome Ford,CLE,RB,2022,1.2
Jerome Ford,CLE,RB,2023,213.2
Jerome Ford,CLE,RB,2024,63.12
Jerry Jeudy,DEN,WR,2020,157.6
Jerry Jeudy,DEN,WR,2021,85.0
Jerry Jeudy,DEN,WR,2022,204.2
Jerry Jeudy,DEN,WR,2023,141.8
Jerry Jeudy,DEN,WR,2024,152.22
Jesper Horsted,CHI,TE,2019,22.7
Jesper Horsted,CHI,TE,2021,16.1
Jesper Horsted,LV,TE,2022,4.9
Jesper Horsted,LV,TE,2023,1.4
Jesper Horsted,LV,TE,2024,18.05
Jimmy Garoppolo,NE,QB,2014,12.18
Jimmy Garoppolo,NE,QB,2015,-0.26
Jimmy Garoppolo,NE,QB,2016,35.98
Jimmy Garoppolo,SF,QB,2017,87.9
Jimmy Garoppolo,SF,QB,2018,48.02
Jimmy Garoppolo,SF,QB,2019,247.32
Jimmy Garoppolo,SF,QB,2020,64.34
Jimmy Garoppolo,SF,QB,2021,227.5
Jimmy Garoppolo,SF,QB,2022,164.78
Jimmy Garoppolo,LV,QB,2023,64.1
Jimmy Garoppolo,LV,QB,2024,79.72
Jimmy Graham,NO,TE,2013,303.5
Jimmy Graham,NO,TE,2014,229.9
Jimmy Graham,SEA,TE,2015,120.5
Jimmy Graham,SEA,TE,2016,189.3
Jimmy Graham,SEA,TE,2017,171.0
Jimmy Graham,GB,TE,2018,130.6
Jimmy Graham,GB,TE,2019,100.7
Jimmy Graham,CHI,TE,2020,143.6
Jimmy Graham,CHI,TE,2021,50.7
Jimmy Graham,NO,TE,2023,33.9
Jimmy Graham,NO,TE,2024,138.09
Joe Burrow,CIN,QB,2020,173.72
Joe Burrow,CIN,QB,2021,314.24
Joe Burrow,CIN,QB,2022,350.7
Joe Burrow,CIN,QB,2023,147.16
Joe Burrow,CIN,QB,2024,232.61
Joe Flacco,BAL,QB,2016,242.48
Joe Flacco,BAL,QB,2017,185.04
Joe Flacco,BAL,QB,2018,137.1
Joe Flacco,DEN,QB,2019,84.88
Joe Flacco,NYJ,QB,2020,54.76
Joe Flacco,NYJ,QB,2021,23.82
Joe Flacco,NYJ,QB,2022,48.64
Joe Flacco,CLE,QB,2023,100.84
Joe Flacco,CLE,QB,2024,103.87
Joe Mixon,CIN,RB,2017,141.3
Joe Mixon,CIN,RB,2018,243.4
Joe Mixon,CIN,RB,2019,225.4
Joe Mixon,CIN,RB,2020,99.6
Joe Mixon,CIN,RB,2021,287.9
Joe Mixon,CIN,RB,2022,239.5
Joe Mixon,CIN,RB,2023,267.0
Joe Mixon,CIN,RB,2024,222.91
John Bates,WAS,TE,2021,50.9
John Bates,WAS,TE,2022,30.8
John Bates,WAS,TE,2023,34.1
John Bates,WAS,TE,2024,38.39
John FitzPatrick,ATL,TE,2023,2.2
John FitzPatrick,ATL,TE,2024,8.11
Johnny Mundt,LA,TE,2018,1.5
Johnny Mundt,LA,TE,2019,6.6
Johnny Mundt,LA,TE,2020,9.3
Johnny Mundt,LA,TE,2021,1.9
Johnny Mundt,MIN,TE,2022,39.0
Johnny Mundt,MIN,TE,2023,40.2
Johnny Mundt,MIN,TE,2024,15.47
Jonathan Mingo,CAR,WR,2023,84.8
Jonathan Mingo,CAR,WR,2024,99.64
Jonathan Taylor,IND,RB,2020,252.8
Jonathan Taylor,IND,RB,2021,373.1
Jonathan Taylor,IND,RB,2022,146.4
Jonathan Taylor,IND,RB,2023,156.4
Jonathan Taylor,IND,RB,2024,220.01
Jonathan Ward,ARI,RB,2020,8.1
Jonathan Ward,ARI,RB,2021,9.7
Jonathan Ward,TEN,RB,2022,5.2
Jonathan Ward,TEN,RB,2023,1.1
Jonathan Ward,TEN,RB,2024,19.41
Jonathan Williams,BUF,RB,2016,12.4
Jonathan Williams,IND,RB,2019,40.4
Jonathan Williams,WAS,RB,2021,20.7
Jonathan Williams,WAS,RB,2022,26.2
Jonathan Williams,WAS,RB,2023,-0.2
Jonathan Williams,WAS,RB,2024,17.37
Jonnu Smith,TEN,TE,2017,45.7
Jonnu Smith,TEN,TE,2018,63.8
Jonnu Smith,TEN,TE,2019,104.7
Jonnu Smith,TEN,TE,2020,140.2
Jonnu Smith,NE,TE,2021,67.4
Jonnu Smith,NE,TE,2022,52.0
Jonnu Smith,ATL,TE,2023,124.2
Jonnu Smith,ATL,TE,2024,81.63
Jordan Addison,MIN,WR,2023,221.3
Jordan Addison,MIN,WR,2024,193.73
Jordan Akins,HOU,TE,2018,39.5
Jordan Akins,HOU,TE,2019,89.8
Jordan Akins,HOU,TE,2020,83.7
Jordan Akins,HOU,TE,2021,41.7
Jordan Akins,HOU,TE,2022,116.5
Jordan Akins,CLE,TE,2023,28.2
Jordan Akins,CLE,TE,2024,71.24
Jordan Love,GB,QB,2021,21.14
Jordan Love,GB,QB,2022,11.7
Jordan Love,GB,QB,2023,319.06
Jordan Love,GB,QB,2024,62.78
Jordan Mason,SF,RB,2022,31.8
Jordan Mason,SF,RB,2023,44.7
Jordan Mason,SF,RB,2024,38.22
Jordan Mims,NO,RB,2023,0.0
Jordan Mims,NO,RB,2024,-15.91
Josh Allen,BUF,QB,2018,206.86
Josh Allen,BUF,QB,2019,288.56
Josh Allen,BUF,QB,2020,396.06
Josh Allen,BUF,QB,2021,402.58
Josh Allen,BUF,QB,2022,395.52
Josh Allen,BUF,QB,2023,394.64
Josh Allen,BUF,QB,2024,318.6
Josh Downs,IND,WR,2023,157.1
Josh Downs,IND,WR,2024,165.65
Josh Jacobs,LV,RB,2020,231.3
Josh Jacobs,LV,RB,2021,226.0
Josh Jacobs,LV,RB,2022,328.3
Josh Jacobs,LV,RB,2023,181.1
Josh Jacobs,LV,RB,2024,248.05
Josh Oliver,JAX,TE,2019,4.5
Josh Oliver,BAL,TE,2021,15.6
Josh Oliver,BAL,TE,2022,40.9
Josh Oliver,MIN,TE,2023,53.3
Josh Oliver,MIN,TE,2024,20.16
Josh Palmer,LAC,WR,2021,92.9
Josh Palmer,LAC,WR,2022,169.3
Josh Palmer,LAC,WR,2023,106.7
Josh Palmer,LAC,WR,2024,132.63
Josh Reynolds,LA,WR,2017,27.4
Josh Reynolds,LA,WR,2018,100.0
Josh Reynolds,LA,WR,2019,61.9
Josh Reynolds,LA,WR,2020,126.3
Josh Reynolds,DET,WR,2021,61.6
Josh Reynolds,DET,WR,2022,103.9
Josh Reynolds,DET,WR,2023,128.8
Josh Reynolds,DET,WR,2024,86.89
Josh Whyle,TEN,TE,2023,24.4
Josh Whyle,TEN,TE,2024,24.58
Joshua Dobbs,PIT,QB,2018,0.82
Joshua Dobbs,PIT,QB,2020,2.08
Joshua Dobbs,TEN,QB,2022,20.84
Joshua Dobbs,MIN,QB,2023,76.1
Joshua Dobbs,MIN,QB,2024,11.21
Joshua Kelley,LAC,RB,2020,81.2
Joshua Kelley,LAC,RB,2021,17.0
Joshua Kelley,LAC,RB,2022,64.8
Joshua Kelley,LAC,RB,2023,61.7
Joshua Kelley,LAC,RB,2024,63.02
Josiah Deguara,GB,TE,2020,2.2
Josiah Deguara,GB,TE,2021,61.5
Josiah Deguara,GB,TE,2022,24.4
Josiah Deguara,GB,TE,2023,14.5
Josiah Deguara,GB,TE,2024,26.59
JuJu Smith-Schuster,PIT,WR,2017,197.7
JuJu Smith-Schuster,PIT,WR,2018,296.9
JuJu Smith-Schuster,PIT,WR,2019,113.2
JuJu Smith-Schuster,PIT,WR,2020,234.1
JuJu Smith-Schuster,PIT,WR,2021,34.8
JuJu Smith-Schuster,KC,WR,2022,185.3
JuJu Smith-Schuster,NE,WR,2023,61.0
JuJu Smith-Schuster,NE,WR,2024,150.16
Julian Hill,MIA,TE,2023,8.8
Julian Hill,MIA,TE,2024,9.77
Julio Jones,ATL,WR,2013,109.7
Julio Jones,ATL,WR,2014,297.4
Julio Jones,ATL,WR,2015,369.1
Julio Jones,ATL,WR,2016,259.9
Julio Jones,ATL,WR,2017,251.9
Julio Jones,ATL,WR,2018,325.9
Julio Jones,ATL,WR,2019,274.1
Julio Jones,ATL,WR,2020,146.1
Julio Jones,TEN,WR,2021,80.4
Julio Jones,TB,WR,2022,70.4
Julio Jones,PHI,WR,2023,36.4
Julio Jones,PHI,WR,2024,212.23
Justice Hill,BAL,RB,2019,49.5
Justice Hill,BAL,RB,2020,13.0
Justice Hill,BAL,RB,2022,42.0
Justice Hill,BAL,RB,2023,109.3
Justice Hill,BAL,RB,2024,53.83
Justin Fields,CHI,QB,2021,126.8
Justin Fields,CHI,QB,2022,295.98
Justin Fields,CHI,QB,2023,230.18
Justin Fields,CHI,QB,2024,214.98
Justin Herbert,LAC,QB,2020,332.84
Justin Herbert,LAC,QB,2021,382.76
Justin Herbert,LAC,QB,2022,281.26
Justin Herbert,LAC,QB,2023,234.16
Justin Herbert,LAC,QB,2024,308.04
Justin Jefferson,MIN,WR,2020,274.2
Justin Jefferson,MIN,WR,2021,330.4
Justin Jefferson,MIN,WR,2022,368.66
Justin Jefferson,MIN,WR,2023,204.2
Justin Jefferson,MIN,WR,2024,297.64
Justin Watson,TB,WR,2018,1.5
Justin Watson,TB,WR,2019,42.9
Justin Watson,TB,WR,2020,16.4
Justin Watson,KC,WR,2022,58.5
Justin Watson,KC,WR,2023,89.0
Justin Watson,KC,WR,2024,43.96
Justyn Ross,KC,WR,2023,11.3
Justyn Ross,KC,WR,2024,9.16
Juwan Johnson,NO,TE,2021,52.9
Juwan Johnson,NO,TE,2022,134.8
Juwan Johnson,NO,TE,2023,97.8
Juwan Johnson,NO,TE,2024,89.38
Juwann Winfree,GB,WR,2021,11.8
Juwann Winfree,GB,WR,2022,2.7
Juwann Winfree,IND,WR,2023,0.0
Juwann Winfree,IND,WR,2024,-12.1
K.J. Osborn,MIN,WR,2021,158.5
K.J. Osborn,MIN,WR,2022,155.6
K.J. Osborn,MIN,WR,2023,120.0
K.J. Osborn,MIN,WR,2024,139.57
Kadarius Toney,NYG,WR,2021,82.36
Kadarius Toney,KC,WR,2022,55.0
Kadarius Toney,KC,WR,2023,53.0
Kadarius Toney,KC,WR,2024,76.25
Kalif Raymond,DEN,WR,2016,0.0
Kalif Raymond,NYG,WR,2017,2.1
Kalif Raymond,TEN,WR,2019,29.5
Kalif Raymond,TEN,WR,2020,27.4
Kalif Raymond,DET,WR,2021,132.4
Kalif Raymond,DET,WR,2022,116.2
Kalif Raymond,DET,WR,2023,97.4
Kalif Raymond,DET,WR,2024,47.75
Kareem Hunt,KC,RB,2017,295.2
Kareem Hunt,KC,RB,2018,230.2
Kareem Hunt,CLE,RB,2019,101.4
Kareem Hunt,CLE,RB,2020,218.5
Kareem Hunt,CLE,RB,2021,110.0
Kareem Hunt,CLE,RB,2022,126.8
Kareem Hunt,CLE,RB,2023,118.5
Kareem Hunt,CLE,RB,2024,165.51
Kayshon Boutte,NE,WR,2023,3.9
Kayshon Boutte,NE,WR,2024,-22.84
Keaton Mitchell,BAL,RB,2023,69.9
Keaton Mitchell,BAL,RB,2024,96.76
Keelan Doss,LAC,WR,2023,9.3
Keelan Doss,LAC,WR,2024,-35.46
Keenan Allen,LAC,WR,2017,278.2
Keenan Allen,LAC,WR,2018,260.1
Keenan Allen,LAC,WR,2019,261.5
Keenan Allen,LAC,WR,2020,245.1
Keenan Allen,LAC,WR,2021,257.8
Keenan Allen,LAC,WR,2022,164.0
Keenan Allen,LAC,WR,2023,278.86
Keenan Allen,LAC,WR,2024,255.61
Keith Kirkwood,NO,WR,2018,45.9
Keith Kirkwood,CAR,WR,2020,2.3
Keith Kirkwood,CAR,WR,2021,4.7
Keith Kirkwood,NO,WR,2022,3.8
Keith Kirkwood,NO,WR,2023,14.7
Keith Kirkwood,NO,WR,2024,10.32
Kendre Miller,NO,RB,2023,43.3
Kendre Miller,NO,RB,2024,46.68
Kendrick Bourne,SF,WR,2017,41.7
Kendrick Bourne,SF,WR,2018,114.7
Kendrick Bourne,SF,WR,2019,97.8
Kendrick Bourne,SF,WR,2020,129.7
Kendrick Bourne,NE,WR,2021,180.5
Kendrick Bourne,NE,WR,2022,88.3
Kendrick Bourne,NE,WR,2023,100.0
Kendrick Bourne,NE,WR,2024,105.4
Kene Nwangwu,MIN,RB,2021,23.0
Kene Nwangwu,MIN,RB,2022,11.5
Kene Nwangwu,MIN,RB,2023,1.3
Kene Nwangwu,MIN,RB,2024,1.04
Kenneth Gainwell,PHI,RB,2021,123.4
Kenneth Gainwell,PHI,RB,2022,87.9
Kenneth Gainwell,PHI,RB,2023,97.38
Kenneth Gainwell,PHI,RB,2024,98.17
Kenneth Walker,SEA,RB,2022,202.5
Kenneth Walker,SEA,RB,2023,199.4
Kenneth Walker,SEA,RB,2024,208.95
Kenny Pickett,PIT,QB,2022,149.86
Kenny Pickett,PIT,QB,2023,110.2
Kenny Pickett,PIT,QB,2024,161.11
Kenny Yeboah,NYJ,TE,2021,5.6
Kenny Yeboah,NYJ,TE,2023,4.8
Kenny Yeboah,NYJ,TE,2024,0.64
Kenyan Drake,MIA,RB,2016,49.5
Kenyan Drake,MIA,RB,2017,142.3
Kenyan Drake,MIA,RB,2018,206.2
Kenyan Drake,ARI,RB,2019,159.4
Kenyan Drake,ARI,RB,2020,192.2
Kenyan Drake,LV,RB,2021,102.5
Kenyan Drake,BAL,RB,2022,104.1
Kenyan Drake,GB,RB,2023,0.0
Kenyan Drake,GB,RB,2024,108.55
Kevin Harris,NE,RB,2022,11.2
Kevin Harris,NE,RB,2023,21.3
Kevin Harris,NE,RB,2024,13.17
Kevin Rader,PIT,TE,2020,0.0
Kevin Rader,PIT,TE,2021,2.8
Kevin Rader,TEN,TE,2023,1.6
Kevin Rader,TEN,TE,2024,-3.19
KhaDarel Hodge,LA,WR,2018,3.7
KhaDarel Hodge,CLE,WR,2019,11.6
KhaDarel Hodge,DET,WR,2021,30.7
KhaDarel Hodge,ATL,WR,2022,41.2
KhaDarel Hodge,ATL,WR,2023,37.2
KhaDarel Hodge,ATL,WR,2024,17.12
Khalil Herbert,CHI,RB,2021,78.9
Khalil Herbert,CHI,RB,2022,117.8
Khalil Herbert,CHI,RB,2023,112.5
Khalil Herbert,CHI,RB,2024,110.34
Khalil Shakir,BUF,WR,2022,34.1
Khalil Shakir,BUF,WR,2023,113.1
Khalil Shakir,BUF,WR,2024,69.84
Kirk Cousins,WAS,QB,2013,33.56
Kirk Cousins,WAS,QB,2014,88.4
Kirk Cousins,WAS,QB,2015,293.44
Kirk Cousins,WAS,QB,2016,300.28
Kirk Cousins,WAS,QB,2017,277.62
Kirk Cousins,MIN,QB,2018,283.12
Kirk Cousins,MIN,QB,2019,244.42
Kirk Cousins,MIN,QB,2020,306.2
Kirk Cousins,MIN,QB,2021,300.34
Kirk Cousins,MIN,QB,2022,291.58
Kirk Cousins,MIN,QB,2023,149.74
Kirk Cousins,MIN,QB,2024,221.77
Ko Kieft,TB,TE,2022,21.0
Ko Kieft,TB,TE,2023,7.2
Ko Kieft,TB,TE,2024,39.43
Kwamie Lassiter,CIN,WR,2023,1.2
Kwamie Lassiter,CIN,WR,2024,3.04
Kyle Allen,CAR,QB,2018,26.54
Kyle Allen,CAR,QB,2019,177.48
Kyle Allen,WAS,QB,2020,45.0
Kyle Allen,WAS,QB,2021,7.9
Kyle Allen,HOU,QB,2022,15.94
Kyle Allen,BUF,QB,2023,-1.3
Kyle Allen,BUF,QB,2024,20.23
Kyle Philips,TEN,WR,2022,15.8
Kyle Philips,TEN,WR,2023,33.1
Kyle Philips,TEN,WR,2024,28.08
Kyle Pitts,ATL,TE,2021,176.6
Kyle Pitts,ATL,TE,2022,75.6
Kyle Pitts,ATL,TE,2023,137.3
Kyle Pitts,ATL,TE,2024,139.18
Kyle Trask,TB,QB,2022,0.92
Kyle Trask,TB,QB,2023,-0.1
Kyle Trask,TB,QB,2024,-2.34
Kylen Granson,IND,TE,2021,21.6
Kylen Granson,IND,TE,2022,61.2
Kylen Granson,IND,TE,2023,73.0
Kylen Granson,IND,TE,2024,54.1
Kyler Murray,ARI,QB,2019,285.28
Kyler Murray,ARI,QB,2020,378.74
Kyler Murray,ARI,QB,2021,299.78
Kyler Murray,ARI,QB,2022,200.52
Kyler Murray,ARI,QB,2023,146.36
Kyler Murray,ARI,QB,2024,259.73
Kyren Williams,LA,RB,2022,30.5
Kyren Williams,LA,RB,2023,255.0
Kyren Williams,LA,RB,2024,118.75
La'Mical Perine,NYJ,RB,2020,52.5
La'Mical Perine,NYJ,RB,2021,3.1
La'Mical Perine,KC,RB,2023,14.0
La'Mical Perine,KC,RB,2024,21.77
Lamar Jackson,BAL,QB,2018,157.54
Lamar Jackson,BAL,QB,2019,415.68
Lamar Jackson,BAL,QB,2020,332.78
Lamar Jackson,BAL,QB,2021,239.98
Lamar Jackson,BAL,QB,2022,236.08
Lamar Jackson,BAL,QB,2023,331.22
Lamar Jackson,BAL,QB,2024,293.24
Laquon Treadwell,MIN,WR,2016,2.5
Laquon Treadwell,MIN,WR,2017,40.0
Laquon Treadwell,MIN,WR,2018,71.2
Laquon Treadwell,MIN,WR,2019,33.4
Laquon Treadwell,ATL,WR,2020,22.9
Laquon Treadwell,JAX,WR,2021,82.4
Laquon Treadwell,SEA,WR,2022,10.2
Laquon Treadwell,BAL,WR,2023,2.6
Laquon Treadwell,BAL,WR,2024,28.65
Latavius Murray,MIN,RB,2017,157.5
Latavius Murray,MIN,RB,2018,131.9
Latavius Murray,NO,RB,2019,157.2
Latavius Murray,NO,RB,2020,136.2
Latavius Murray,BAL,RB,2021,103.6
Latavius Murray,DEN,RB,2022,140.7
Latavius Murray,BUF,RB,2023,82.9
Latavius Murray,BUF,RB,2024,133.67
Laviska Shenault,JAX,WR,2020,157.1
Laviska Shenault,JAX,WR,2021,127.0
Laviska Shenault,CAR,WR,2022,72.7
Laviska Shenault,CAR,WR,2023,21.5
Laviska Shenault,CAR,WR,2024,92.88
Lawrence Cager,NYG,TE,2022,30.8
Lawrence Cager,NYG,TE,2023,13.6
Lawrence Cager,NYG,TE,2024,20.05
Leonard Fournette,JAX,RB,2017,230.2
Leonard Fournette,JAX,RB,2018,120.4
Leonard Fournette,JAX,RB,2019,259.4
Leonard Fournette,TB,RB,2020,132.0
Leonard Fournette,TB,RB,2021,255.6
Leonard Fournette,TB,RB,2022,226.1
Leonard Fournette,BUF,RB,2023,4.0
Leonard Fournette,BUF,RB,2024,166.43
Lil'Jordan Humphrey,NO,WR,2019,0.0
Lil'Jordan Humphrey,NO,WR,2020,13.6
Lil'Jordan Humphrey,NO,WR,2021,49.9
Lil'Jordan Humphrey,NE,WR,2022,4.0
Lil'Jordan Humphrey,DEN,WR,2023,47.2
Lil'Jordan Humphrey,DEN,WR,2024,17.65
Logan Thomas,BUF,TE,2017,19.7
Logan Thomas,BUF,TE,2018,20.3
Logan Thomas,DET,TE,2019,39.3
Logan Thomas,WAS,TE,2020,176.62
Logan Thomas,WAS,TE,2021,53.6
Logan Thomas,WAS,TE,2022,77.3
Logan Thomas,WAS,TE,2023,126.8
Logan Thomas,WAS,TE,2024,65.98
Logan Woodside,TEN,QB,2020,1.28
Logan Woodside,TEN,QB,2021,-0.6
Logan Woodside,ATL,QB,2023,-0.32
Logan Woodside,ATL,QB,2024,7.23
Lucas Krull,DEN,TE,2023,23.5
Lucas Krull,DEN,TE,2024,19.3
Luke Farrell,JAX,TE,2021,12.6
Luke Farrell,JAX,TE,2022,8.0
Luke Farrell,JAX,TE,2023,28.5
Luke Farrell,JAX,TE,2024,11.85
Luke Musgrave,GB,TE,2023,75.2
Luke Musgrave,GB,TE,2024,82.08
Luke Schoonmaker,DAL,TE,2023,26.5
Luke Schoonmaker,DAL,TE,2024,30.36
Lynn Bowden,MIA,WR,2020,53.58
Lynn Bowden,NO,WR,2023,22.5
Lynn Bowden,NO,WR,2024,42.72
Mac Jones,NE,QB,2021,224.94
Mac Jones,NE,QB,2022,170.08
Mac Jones,NE,QB,2023,106.4
Mac Jones,NE,QB,2024,196.65
Mack Hollins,PHI,WR,2017,44.6
Mack Hollins,MIA,WR,2019,0.0
Mack Hollins,MIA,WR,2020,37.6
Mack Hollins,MIA,WR,2021,60.3
Mack Hollins,LV,WR,2022,154.16
Mack Hollins,ATL,WR,2023,43.1
Mack Hollins,ATL,WR,2024,40.82
Malik Heath,GB,WR,2023,33.5
Malik Heath,GB,WR,2024,37.61
Malik Taylor,GB,WR,2020,18.5
Malik Taylor,GB,WR,2021,3.4
Malik Taylor,NYJ,WR,2023,3.3
Malik Taylor,NYJ,WR,2024,6.3
Malik Willis,TEN,QB,2022,19.34
Malik Willis,TEN,QB,2023,3.06
Malik Willis,TEN,QB,2024,12.59
Marcedes Lewis,JAX,TE,2013,82.9
Marcedes Lewis,JAX,TE,2014,50.6
Marcedes Lewis,JAX,TE,2015,38.6
Marcedes Lewis,JAX,TE,2016,42.9
Marcedes Lewis,JAX,TE,2017,87.8
Marcedes Lewis,GB,TE,2018,6.9
Marcedes Lewis,GB,TE,2019,36.6
Marcedes Lewis,GB,TE,2020,38.7
Marcedes Lewis,GB,TE,2021,44.4
Marcedes Lewis,GB,TE,2022,26.6
Marcedes Lewis,CHI,TE,2023,12.9
Marcedes Lewis,CHI,TE,2024,37.61
Marcus Mariota,TEN,QB,2015,211.02
Marcus Mariota,TEN,QB,2016,259.94
Marcus Mariota,TEN,QB,2017,210.48
Marcus Mariota,TEN,QB,2018,175.92
Marcus Mariota,TEN,QB,2019,85.02
Marcus Mariota,LV,QB,2020,25.84
Marcus Mariota,LV,QB,2021,14.86
Marcus Mariota,ATL,QB,2022,196.56
Marcus Mariota,PHI,QB,2023,11.76
Marcus Mariota,PHI,QB,2024,130.11
Mark Andrews,BAL,TE,2018,107.2
Mark Andrews,BAL,TE,2019,207.2
Mark Andrews,BAL,TE,2020,170.1
Mark Andrews,BAL,TE,2021,301.1
Mark Andrews,BAL,TE,2022,190.5
Mark Andrews,BAL,TE,2023,135.4
Mark Andrews,BAL,TE,2024,180.3
Marquez Valdes-Scantling,GB,WR,2018,111.0
Marquez Valdes-Scantling,GB,WR,2019,84.1
Marquez Valdes-Scantling,GB,WR,2020,137.3
Marquez Valdes-Scantling,GB,WR,2021,87.0
Marquez Valdes-Scantling,KC,WR,2022,122.4
Marquez Valdes-Scantling,KC,WR,2023,56.5
Marquez Valdes-Scantling,KC,WR,2024,111.01
Marquise Brown,BAL,WR,2019,146.4
Marquise Brown,BAL,WR,2020,183.0
Marquise Brown,BAL,WR,2021,226.3
Marquise Brown,ARI,WR,2022,156.0
Marquise Brown,ARI,WR,2023,134.7
Marquise Brown,ARI,WR,2024,169.86
Marquise Goodwin,BUF,WR,2013,62.6
Marquise Goodwin,BUF,WR,2014,6.0
Marquise Goodwin,BUF,WR,2015,4.4
Marquise Goodwin,BUF,WR,2016,90.1
Marquise Goodwin,SF,WR,2017,168.6
Marquise Goodwin,SF,WR,2018,87.4
Marquise Goodwin,SF,WR,2019,38.1
Marquise Goodwin,CHI,WR,2021,57.2
Marquise Goodwin,SEA,WR,2022,90.2
Marquise Goodwin,CLE,WR,2023,14.0
Marquise Goodwin,CLE,WR,2024,54.22
Marvin Jones,CIN,WR,2013,188.7
Marvin Jones,CIN,WR,2015,173.9
Marvin Jones,DET,WR,2016,172.3
Marvin Jones,DET,WR,2017,225.1
Marvin Jones,DET,WR,2018,115.8
Marvin Jones,DET,WR,2019,193.9
Marvin Jones,DET,WR,2020,227.8
Marvin Jones,JAX,WR,2021,180.2
Marvin Jones,JAX,WR,2022,116.9
Marvin Jones,DET,WR,2023,6.5
Marvin Jones,DET,WR,2024,151.97
Marvin Mims,DEN,WR,2023,74.7
Marvin Mims,DEN,WR,2024,62.78
Mason Kinsey,TEN,WR,2022,1.3
Mason Kinsey,TEN,WR,2023,1.6
Mason Kinsey,TEN,WR,2024,5.56
Mason Rudolph,PIT,QB,2019,108.8
Mason Rudolph,PIT,QB,2020,18.36
Mason Rudolph,PIT,QB,2021,18.38
Mason Rudolph,PIT,QB,2023,39.56
Mason Rudolph,PIT,QB,2024,30.39
Matt Barkley,PHI,QB,2013,1.8
Matt Barkley,PHI,QB,2014,0.0
Matt Barkley,CHI,QB,2016,71.84
Matt Barkley,BUF,QB,2018,21.08
Matt Barkley,BUF,QB,2019,5.96
Matt Barkley,BUF,QB,2020,9.28
Matt Barkley,JAX,QB,2023,-0.3
Matt Barkley,JAX,QB,2024,-13.86
Matt Breida,SF,RB,2017,103.5
Matt Breida,SF,RB,2018,162.5
Matt Breida,SF,RB,2019,103.3
Matt Breida,MIA,RB,2020,42.0
Matt Breida,BUF,RB,2021,42.7
Matt Breida,NYG,RB,2022,59.8
Matt Breida,NYG,RB,2023,46.9
Matt Breida,NYG,RB,2024,83.25
Matthew Stafford,DET,QB,2013,278.9
Matthew Stafford,DET,QB,2014,251.58
Matthew Stafford,DET,QB,2015,290.78
Matthew Stafford,DET,QB,2016,279.78
Matthew Stafford,DET,QB,2017,273.64
Matthew Stafford,DET,QB,2018,212.18
Matthew Stafford,DET,QB,2019,166.56
Matthew Stafford,DET,QB,2020,260.56
Matthew Stafford,LA,QB,2021,329.74
Matthew Stafford,LA,QB,2022,108.38
Matthew Stafford,LA,QB,2023,243.1
Matthew Stafford,LA,QB,2024,252.23
Mecole Hardman,KC,WR,2019,123.5
Mecole Hardman,KC,WR,2020,130.1
Mecole Hardman,KC,WR,2021,140.9
Mecole Hardman,KC,WR,2022,93.8
Mecole Hardman,KC,WR,2023,26.1
Mecole Hardman,KC,WR,2024,101.06
Melvin Gordon,LAC,RB,2017,288.1
Melvin Gordon,LAC,RB,2018,275.5
Melvin Gordon,LAC,RB,2019,180.8
Melvin Gordon,DEN,RB,2020,198.4
Melvin Gordon,DEN,RB,2021,195.1
Melvin Gordon,BAL,RB,2023,19.7
Melvin Gordon,BAL,RB,2024,181.75
Michael Carter,NYJ,RB,2021,154.4
Michael Carter,NYJ,RB,2022,126.0
Michael Carter,ARI,RB,2023,33.2
Michael Carter,ARI,RB,2024,104.31
Michael Gallup,DAL,WR,2018,97.7
Michael Gallup,DAL,WR,2019,212.7
Michael Gallup,DAL,WR,2020,173.3
Michael Gallup,DAL,WR,2021,91.5
Michael Gallup,DAL,WR,2022,105.4
Michael Gallup,DAL,WR,2023,87.8
Michael Gallup,DAL,WR,2024,134.75
Michael Mayer,LV,TE,2023,71.4
Michael Mayer,LV,TE,2024,62.42
Michael Pittman,IND,WR,2020,98.9
Michael Pittman,IND,WR,2021,238.6
Michael Pittman,IND,WR,2022,216.5
Michael Pittman,IND,WR,2023,252.2
Michael Pittman,IND,WR,2024,202.57
Michael Thomas,NO,WR,2016,255.7
Michael Thomas,NO,WR,2017,258.5
Michael Thomas,NO,WR,2018,315.5
Michael Thomas,NO,WR,2019,374.6
Michael Thomas,NO,WR,2020,83.9
Michael Thomas,NO,WR,2022,51.1
Michael Thomas,NO,WR,2023,89.8
Michael Thomas,NO,WR,2024,195.42
Michael Wilson,ARI,WR,2023,114.5
Michael Wilson,ARI,WR,2024,111.67
Mike Evans,TB,WR,2014,245.1
Mike Evans,TB,WR,2015,210.6
Mike Evans,TB,WR,2016,304.1
Mike Evans,TB,WR,2017,203.1
Mike Evans,TB,WR,2018,284.4
Mike Evans,TB,WR,2019,232.7
Mike Evans,TB,WR,2020,248.6
Mike Evans,TB,WR,2021,262.5
Mike Evans,TB,WR,2022,225.4
Mike Evans,TB,WR,2023,282.5
Mike Evans,TB,WR,2024,244.87
Mike Gesicki,MIA,TE,2018,40.2
Mike Gesicki,MIA,TE,2019,136.0
Mike Gesicki,MIA,TE,2020,159.3
Mike Gesicki,MIA,TE,2021,165.0
Mike Gesicki,MIA,TE,2022,98.2
Mike Gesicki,NE,TE,2023,65.4
Mike Gesicki,NE,TE,2024,107.75
Mike Strachan,IND,WR,2021,4.6
Mike Strachan,IND,WR,2022,8.9
Mike Strachan,CAR,WR,2023,5.5
Mike Strachan,CAR,WR,2024,-12.12
Mike White,NYJ,QB,2021,44.02
Mike White,NYJ,QB,2022,56.58
Mike White,MIA,QB,2023,2.06
Mike White,MIA,QB,2024,63.8
Mike Williams,TB,WR,2013,55.6
Mike Williams,BUF,WR,2014,28.2
Mike Williams,LAC,WR,2017,20.5
Mike Williams,LAC,WR,2018,180.2
Mike Williams,LAC,WR,2019,161.3
Mike Williams,LAC,WR,2020,153.7
Mike Williams,LAC,WR,2021,246.6
Mike Williams,LAC,WR,2022,176.5
Mike Williams,LAC,WR,2023,50.2
Mike Williams,LAC,WR,2024,119.37
Miles Boykin,BAL,WR,2019,50.8
Miles Boykin,BAL,WR,2020,69.6
Miles Boykin,BAL,WR,2021,1.6
Miles Boykin,PIT,WR,2022,3.1
Miles Boykin,PIT,WR,2023,4.7
Miles Boykin,PIT,WR,2024,11.5
Miles Sanders,PHI,RB,2019,218.7
Miles Sanders,PHI,RB,2020,170.4
Miles Sanders,PHI,RB,2021,117.2
Miles Sanders,PHI,RB,2022,216.7
Miles Sanders,CAR,RB,2023,87.6
Miles Sanders,CAR,RB,2024,175.08
Mitchell Trubisky,CHI,QB,2017,134.52
Mitchell Trubisky,CHI,QB,2018,263.02
Mitchell Trubisky,CHI,QB,2019,202.82
Mitchell Trubisky,CHI,QB,2020,153.7
Mitchell Trubisky,BUF,QB,2021,8.12
Mitchell Trubisky,PIT,QB,2022,73.88
Mitchell Trubisky,PIT,QB,2023,48.68
Mitchell Trubisky,PIT,QB,2024,107.14
Mitchell Wilcox,CIN,TE,2021,4.6
Mitchell Wilcox,CIN,TE,2022,36.9
Mitchell Wilcox,CIN,TE,2023,14.6
Mitchell Wilcox,CIN,TE,2024,25.26
Mo Alie-Cox,IND,TE,2018,32.3
Mo Alie-Cox,IND,TE,2019,17.3
Mo Alie-Cox,IND,TE,2020,80.4
Mo Alie-Cox,IND,TE,2021,79.6
Mo Alie-Cox,IND,TE,2022,53.9
Mo Alie-Cox,IND,TE,2023,49.1
Mo Alie-Cox,IND,TE,2024,47.58
MyCole Pruitt,MIN,TE,2015,18.9
MyCole Pruitt,CHI,TE,2016,1.6
MyCole Pruitt,TEN,TE,2018,25.2
MyCole Pruitt,TEN,TE,2019,21.0
MyCole Pruitt,TEN,TE,2020,21.9
MyCole Pruitt,TEN,TE,2021,48.5
MyCole Pruitt,ATL,TE,2022,55.0
MyCole Pruitt,ATL,TE,2023,26.0
MyCole Pruitt,ATL,TE,2024,20.16
Najee Harris,PIT,RB,2021,300.7
Najee Harris,PIT,RB,2022,223.46
Najee Harris,PIT,RB,2023,195.5
Najee Harris,PIT,RB,2024,257.89
Nate Adkins,DEN,TE,2023,6.2
Nate Adkins,DEN,TE,2024,4.69
Nathan Peterman,BUF,QB,2017,9.54
Nathan Peterman,LV,QB,2020,1.9
Nathan Peterman,LV,QB,2021,0.2
Nathan Peterman,CHI,QB,2022,8.26
Nathan Peterman,CHI,QB,2023,-0.4
Nathan Peterman,CHI,QB,2024,-19.77
Nelson Agholor,PHI,WR,2015,55.3
Nelson Agholor,PHI,WR,2016,87.9
Nelson Agholor,PHI,WR,2017,187.5
Nelson Agholor,PHI,WR,2018,165.4
Nelson Agholor,PHI,WR,2019,94.0
Nelson Agholor,LV,WR,2020,185.6
Nelson Agholor,NE,WR,2021,103.4
Nelson Agholor,NE,WR,2022,75.2
Nelson Agholor,BAL,WR,2023,97.1
Nelson Agholor,BAL,WR,2024,117.56
Nick Chubb,CLE,RB,2018,194.5
Nick Chubb,CLE,RB,2019,255.2
Nick Chubb,CLE,RB,2020,207.7
Nick Chubb,CLE,RB,2021,215.3
Nick Chubb,CLE,RB,2022,281.4
Nick Chubb,CLE,RB,2023,23.1
Nick Chubb,CLE,RB,2024,196.56
Nick Mullens,SF,QB,2018,123.48
Nick Mullens,SF,QB,2019,-0.3
Nick Mullens,SF,QB,2020,116.28
Nick Mullens,CLE,QB,2021,9.88
Nick Mullens,MIN,QB,2022,11.76
Nick Mullens,MIN,QB,2023,66.74
Nick Mullens,MIN,QB,2024,23.12
Nick Muse,MIN,TE,2023,3.2
Nick Muse,MIN,TE,2024,20.95
Nick Vannett,SEA,TE,2016,6.2
Nick Vannett,SEA,TE,2017,30.4
Nick Vannett,SEA,TE,2018,73.9
Nick Vannett,PIT,TE,2019,25.8
Nick Vannett,DEN,TE,2020,29.5
Nick Vannett,NO,TE,2021,28.3
Nick Vannett,NYG,TE,2022,8.2
Nick Vannett,LAC,TE,2023,1.3
Nick Vannett,LAC,TE,2024,24.2
Nick Westbrook-Ikhine,TEN,WR,2021,107.6
Nick Westbrook-Ikhine,TEN,WR,2022,82.7
Nick Westbrook-Ikhine,TEN,WR,2023,85.0
Nick Westbrook-Ikhine,TEN,WR,2024,90.27
Nico Collins,HOU,WR,2021,83.8
Nico Collins,HOU,WR,2022,97.1
Nico Collins,HOU,WR,2023,260.4
Nico Collins,HOU,WR,2024,149.19
Noah Brown,DAL,WR,2017,7.3
Noah Brown,DAL,WR,2018,10.4
Noah Brown,DAL,WR,2020,29.8
Noah Brown,DAL,WR,2021,34.4
Noah Brown,DAL,WR,2022,114.5
Noah Brown,HOU,WR,2023,101.6
Noah Brown,HOU,WR,2024,46.71
Noah Fant,DEN,TE,2019,111.0
Noah Fant,DEN,TE,2020,149.3
Noah Fant,DEN,TE,2021,159.0
Noah Fant,SEA,TE,2022,122.6
Noah Fant,SEA,TE,2023,73.4
Noah Fant,SEA,TE,2024,132.98
Noah Gray,KC,TE,2021,16.6
Noah Gray,KC,TE,2022,70.0
Noah Gray,KC,TE,2023,70.6
Noah Gray,KC,TE,2024,58.48
Olamide Zaccheaus,ATL,WR,2019,26.5
Olamide Zaccheaus,ATL,WR,2020,53.4
Olamide Zaccheaus,ATL,WR,2021,89.8
Olamide Zaccheaus,ATL,WR,2022,110.0
Olamide Zaccheaus,PHI,WR,2023,38.4
Olamide Zaccheaus,PHI,WR,2024,62.61
Parker Washington,JAX,WR,2023,39.2
Parker Washington,JAX,WR,2024,28.1
Parris Campbell,IND,WR,2019,38.1
Parris Campbell,IND,WR,2020,14.7
Parris Campbell,IND,WR,2021,32.2
Parris Campbell,IND,WR,2022,149.1
Parris Campbell,NYG,WR,2023,30.4
Parris Campbell,NYG,WR,2024,44.07
Pat Freiermuth,PIT,TE,2021,151.7
Pat Freiermuth,PIT,TE,2022,148.2
Pat Freiermuth,PIT,TE,2023,76.8
Pat Freiermuth,PIT,TE,2024,119.73
Patrick Mahomes,KC,QB,2017,10.36
Patrick Mahomes,KC,QB,2018,417.08
Patrick Mahomes,KC,QB,2019,287.04
Patrick Mahomes,KC,QB,2020,374.4
Patrick Mahomes,KC,QB,2021,361.66
Patrick Mahomes,KC,QB,2022,417.4
Patrick Mahomes,KC,QB,2023,280.22
Patrick Mahomes,KC,QB,2024,290.89
Patrick Taylor,GB,RB,2021,17.2
Patrick Taylor,GB,RB,2022,5.8
Patrick Taylor,GB,RB,2023,30.0
Patrick Taylor,GB,RB,2024,14.23
Payne Durham,TB,TE,2023,10.8
Payne Durham,TB,TE,2024,11.58
Peyton Hendershot,DAL,TE,2022,39.5
Peyton Hendershot,DAL,TE,2023,7.8
Peyton Hendershot,DAL,TE,2024,31.49
Pharaoh Brown,CLE,TE,2019,4.7
Pharaoh Brown,HOU,TE,2020,42.3
Pharaoh Brown,HOU,TE,2021,38.1
Pharaoh Brown,CLE,TE,2022,9.5
Pharaoh Brown,NE,TE,2023,37.8
Pharaoh Brown,NE,TE,2024,23.44
Phillip Dorsett,IND,WR,2015,48.2
Phillip Dorsett,IND,WR,2016,98.8
Phillip Dorsett,NE,WR,2017,32.1
Phillip Dorsett,NE,WR,2018,81.9
Phillip Dorsett,NE,WR,2019,100.8
Phillip Dorsett,HOU,WR,2021,16.7
Phillip Dorsett,HOU,WR,2022,51.7
Phillip Dorsett,DEN,WR,2023,0.0
Phillip Dorsett,DEN,WR,2024,43.19
Pierre Strong,NE,RB,2022,27.2
Pierre Strong,CLE,RB,2023,42.8
Pierre Strong,CLE,RB,2024,45.68
Puka Nacua,LA,WR,2023,298.5
Puka Nacua,LA,WR,2024,318.36
Quentin Johnston,LAC,WR,2023,94.0
Quentin Johnston,LAC,WR,2024,103.02
Quez Watkins,PHI,WR,2020,23.6
Quez Watkins,PHI,WR,2021,116.0
Quez Watkins,PHI,WR,2022,84.5
Quez Watkins,PHI,WR,2023,35.2
Quez Watkins,PHI,WR,2024,67.13
Quintin Morris,BUF,TE,2022,20.4
Quintin Morris,BUF,TE,2023,10.6
Quintin Morris,BUF,TE,2024,32.48
Rachaad White,TB,RB,2022,141.1
Rachaad White,TB,RB,2023,267.9
Rachaad White,TB,RB,2024,220.68
Raheem Blackshear,CAR,RB,2022,45.0
Raheem Blackshear,CAR,RB,2023,17.1
Raheem Blackshear,CAR,RB,2024,17.43
Raheem Mostert,SF,RB,2016,0.6
Raheem Mostert,SF,RB,2017,1.0
Raheem Mostert,SF,RB,2018,38.6
Raheem Mostert,SF,RB,2019,167.2
Raheem Mostert,SF,RB,2020,99.7
Raheem Mostert,SF,RB,2021,2.0
Raheem Mostert,MIA,RB,2022,168.3
Raheem Mostert,MIA,RB,2023,267.7
Raheem Mostert,MIA,RB,2024,63.36
Rakim Jarrett,TB,WR,2023,10.0
Rakim Jarrett,TB,WR,2024,4.82
Randall Cobb,GB,WR,2013,106.1
Randall Cobb,GB,WR,2014,295.4
Randall Cobb,GB,WR,2015,202.9
Randall Cobb,GB,WR,2016,148.3
Randall Cobb,GB,WR,2017,159.4
Randall Cobb,GB,WR,2018,86.3
Randall Cobb,DAL,WR,2019,154.9
Randall Cobb,HOU,WR,2020,100.1
Randall Cobb,GB,WR,2021,95.6
Randall Cobb,GB,WR,2022,81.7
Randall Cobb,NYJ,WR,2023,16.9
Randall Cobb,NYJ,WR,2024,127.0
Rashaad Penny,SEA,RB,2018,70.4
Rashaad Penny,SEA,RB,2019,75.3
Rashaad Penny,SEA,RB,2020,3.4
Rashaad Penny,SEA,RB,2021,121.7
Rashaad Penny,SEA,RB,2022,52.2
Rashaad Penny,PHI,RB,2023,4.8
Rashaad Penny,PHI,RB,2024,51.31
Rashee Rice,KC,WR,2023,212.5
Rashee Rice,KC,WR,2024,201.82
Rashid Shaheed,NO,WR,2022,100.5
Rashid Shaheed,NO,WR,2023,157.6
Rashid Shaheed,NO,WR,2024,129.97
Rashod Bateman,BAL,WR,2021,103.5
Rashod Bateman,BAL,WR,2022,53.5
Rashod Bateman,BAL,WR,2023,76.5
Rashod Bateman,BAL,WR,2024,94.93
Ray-Ray McCloud,BUF,WR,2018,9.0
Ray-Ray McCloud,PIT,WR,2020,34.2
Ray-Ray McCloud,PIT,WR,2021,68.2
Ray-Ray McCloud,SF,WR,2022,58.1
Ray-Ray McCloud,SF,WR,2023,28.5
Ray-Ray McCloud,SF,WR,2024,38.15
Rhamondre Stevenson,NE,RB,2021,114.9
Rhamondre Stevenson,NE,RB,2022,249.1
Rhamondre Stevenson,NE,RB,2023,145.7
Rhamondre Stevenson,NE,RB,2024,178.28
Richie James,SF,WR,2018,34.0
Richie James,SF,WR,2019,28.4
Richie James,SF,WR,2020,68.4
Richie James,NYG,WR,2022,138.5
Richie James,KC,WR,2023,21.4
Richie James,KC,WR,2024,59.79
Rico Dowdle,DAL,RB,2020,2.4
Rico Dowdle,DAL,RB,2023,91.5
Rico Dowdle,DAL,RB,2024,33.27
River Cracraft,DEN,WR,2018,5.4
River Cracraft,SF,WR,2020,10.1
River Cracraft,MIA,WR,2022,31.2
River Cracraft,MIA,WR,2023,27.1
River Cracraft,MIA,WR,2024,24.8
Robbie Chosen,MIA,WR,2023,22.6
Robbie Chosen,MIA,WR,2024,31.79
Robert Tonyan,GB,TE,2018,17.7
Robert Tonyan,GB,TE,2019,26.0
Robert Tonyan,GB,TE,2020,176.6
Robert Tonyan,GB,TE,2021,50.4
Robert Tonyan,GB,TE,2022,112.0
Robert Tonyan,CHI,TE,2023,22.2
Robert Tonyan,CHI,TE,2024,53.22
Robert Woods,BUF,WR,2013,120.3
Robert Woods,BUF,WR,2014,164.9
Robert Woods,BUF,WR,2015,118.2
Robert Woods,BUF,WR,2016,118.9
Robert Woods,LA,WR,2017,163.3
Robert Woods,LA,WR,2018,265.6
Robert Woods,LA,WR,2019,232.9
Robert Woods,LA,WR,2020,245.1
Robert Woods,LA,WR,2021,137.2
Robert Woods,TEN,WR,2022,117.7
Robert Woods,HOU,WR,2023,89.3
Robert Woods,HOU,WR,2024,169.11
Rod Williams,PIT,TE,2023,0.0
Rod Williams,PIT,TE,2024,-14.21
Romeo Doubs,GB,WR,2022,101.6
Romeo Doubs,GB,WR,2023,174.4
Romeo Doubs,GB,WR,2024,133.8
Rondale Moore,ARI,WR,2021,111.1
Rondale Moore,ARI,WR,2022,87.9
Rondale Moore,ARI,WR,2023,105.0
Rondale Moore,ARI,WR,2024,114.15
Ronnie Bell,SF,WR,2023,30.8
Ronnie Bell,SF,WR,2024,37.5
Ronnie Rivers,LA,RB,2022,10.0
Ronnie Rivers,LA,RB,2023,20.1
Ronnie Rivers,LA,RB,2024,20.44
Roschon Johnson,CHI,RB,2023,102.1
Roschon Johnson,CHI,RB,2024,103.3
Ross Dwelley,SF,TE,2018,3.4
Ross Dwelley,SF,TE,2019,36.1
Ross Dwelley,SF,TE,2020,49.5
Ross Dwelley,SF,TE,2021,15.1
Ross Dwelley,SF,TE,2022,19.5
Ross Dwelley,SF,TE,2023,2.2
Ross Dwelley,SF,TE,2024,14.6
Royce Freeman,DEN,RB,2018,101.3
Royce Freeman,DEN,RB,2019,142.2
Royce Freeman,DEN,RB,2020,37.1
Royce Freeman,HOU,RB,2021,22.4
Royce Freeman,HOU,RB,2022,19.0
Royce Freeman,LA,RB,2023,46.2
Royce Freeman,LA,RB,2024,55.77
Russell Wilson,SEA,QB,2013,270.18
Russell Wilson,SEA,QB,2014,328.6
Russell Wilson,SEA,QB,2015,336.26
Russell Wilson,SEA,QB,2016,270.06
Russell Wilson,SEA,QB,2017,347.92
Russell Wilson,SEA,QB,2018,299.42
Russell Wilson,SEA,QB,2019,328.6
Russell Wilson,SEA,QB,2020,359.78
Russell Wilson,SEA,QB,2021,242.82
Russell Wilson,DEN,QB,2022,225.76
Russell Wilson,DEN,QB,2023,256.9
Russell Wilson,DEN,QB,2024,269.24
Ryan Tannehill,MIA,QB,2013,238.32
Ryan Tannehill,MIA,QB,2014,279.5
Ryan Tannehill,MIA,QB,2015,258.32
Ryan Tannehill,MIA,QB,2016,190.2
Ryan Tannehill,MIA,QB,2018,142.96
Ryan Tannehill,TEN,QB,2019,224.18
Ryan Tannehill,TEN,QB,2020,348.36
Ryan Tannehill,TEN,QB,2021,272.36
Ryan Tannehill,TEN,QB,2022,165.24
Ryan Tannehill,TEN,QB,2023,80.04
Ryan Tannehill,TEN,QB,2024,208.09
Salvon Ahmed,MIA,RB,2020,69.0
Salvon Ahmed,MIA,RB,2021,38.6
Salvon Ahmed,MIA,RB,2022,14.2
Salvon Ahmed,MIA,RB,2023,42.9
Salvon Ahmed,MIA,RB,2024,38.51
Sam Darnold,NYJ,QB,2018,168.1
Sam Darnold,NYJ,QB,2019,189.16
Sam Darnold,NYJ,QB,2020,134.02
Sam Darnold,CAR,QB,2021,157.28
Sam Darnold,CAR,QB,2022,86.32
Sam Darnold,SF,QB,2023,23.38
Sam Darnold,SF,QB,2024,129.09
Sam Howell,WAS,QB,2022,18.26
Sam Howell,WAS,QB,2023,257.54
Sam Howell,WAS,QB,2024,121.48
Sam LaPorta,DET,TE,2023,239.3
Sam LaPorta,DET,TE,2024,208.9
Samaje Perine,WAS,RB,2017,108.5
Samaje Perine,WAS,RB,2018,6.7
Samaje Perine,MIA,RB,2019,1.6
Samaje Perine,CIN,RB,2020,65.7
Samaje Perine,CIN,RB,2021,83.2
Samaje Perine,CIN,RB,2022,142.1
Samaje Perine,DEN,RB,2023,121.3
Samaje Perine,DEN,RB,2024,60.6
Samori Toure,GB,WR,2022,19.2
Samori Toure,GB,WR,2023,17.8
Samori Toure,GB,WR,2024,21.68
Saquon Barkley,NYG,RB,2018,385.8
Saquon Barkley,NYG,RB,2019,244.1
Saquon Barkley,NYG,RB,2020,15.4
Saquon Barkley,NYG,RB,2021,148.6
Saquon Barkley,NYG,RB,2022,284.0
Saquon Barkley,NYG,RB,2023,223.2
Saquon Barkley,NYG,RB,2024,206.5
Scott Miller,TB,WR,2019,40.6
Scott Miller,TB,WR,2020,102.5
Scott Miller,TB,WR,2021,19.1
Scott Miller,TB,WR,2022,42.3
Scott Miller,ATL,WR,2023,39.1
Scott Miller,ATL,WR,2024,44.55
Sean Clifford,GB,QB,2023,1.28
Sean Clifford,GB,QB,2024,16.36
Sean McKeon,DAL,TE,2021,12.7
Sean McKeon,DAL,TE,2022,3.1
Sean McKeon,DAL,TE,2023,0.0
Sean McKeon,DAL,TE,2024,6.74
Sean Tucker,TB,RB,2023,5.2
Sean Tucker,TB,RB,2024,-8.72
Shedrick Jackson,CIN,WR,2023,0.0
Shedrick Jackson,CIN,WR,2024,-3.54
Simi Fehoko,DAL,WR,2022,5.4
Simi Fehoko,LAC,WR,2023,7.9
Simi Fehoko,LAC,WR,2024,29.68
Skyy Moore,KC,WR,2022,49.4
Skyy Moore,KC,WR,2023,53.7
Skyy Moore,KC,WR,2024,59.58
Stefon Diggs,MIN,WR,2015,149.3
Stefon Diggs,MIN,WR,2016,193.3
Stefon Diggs,MIN,WR,2017,198.2
Stefon Diggs,MIN,WR,2018,266.3
Stefon Diggs,MIN,WR,2019,212.1
Stefon Diggs,BUF,WR,2020,328.6
Stefon Diggs,BUF,WR,2021,285.5
Stefon Diggs,BUF,WR,2022,316.6
Stefon Diggs,BUF,WR,2023,273.8
Stefon Diggs,BUF,WR,2024,242.13
Stephen Sullivan,CAR,TE,2021,0.0
Stephen Sullivan,CAR,TE,2022,6.6
Stephen Sullivan,CAR,TE,2023,24.5
Stephen Sullivan,CAR,TE,2024,-5.53
Sterling Shepard,NYG,WR,2016,184.4
Sterling Shepard,NYG,WR,2017,144.5
Sterling Shepard,NYG,WR,2018,182.5
Sterling Shepard,NYG,WR,2019,141.8
Sterling Shepard,NYG,WR,2020,162.5
Sterling Shepard,NYG,WR,2021,77.7
Sterling Shepard,NYG,WR,2022,34.4
Sterling Shepard,NYG,WR,2023,22.3
Sterling Shepard,NYG,WR,2024,114.85
Steven Sims,WAS,WR,2019,109.5
Steven Sims,WAS,WR,2020,61.3
Steven Sims,PIT,WR,2022,31.4
Steven Sims,HOU,WR,2023,5.6
Steven Sims,HOU,WR,2024,45.89
Stone Smartt,LAC,TE,2022,5.7
Stone Smartt,LAC,TE,2023,32.5
Stone Smartt,LAC,TE,2024,20.62
T.J. Hockenson,DET,TE,2019,80.7
T.J. Hockenson,DET,TE,2020,175.3
T.J. Hockenson,DET,TE,2021,145.3
T.J. Hockenson,MIN,TE,2022,129.9
T.J. Hockenson,MIN,TE,2023,219.0
T.J. Hockenson,MIN,TE,2024,146.27
Tank Bigsby,JAX,RB,2023,24.8
Tank Bigsby,JAX,RB,2024,19.86
Tank Dell,HOU,WR,2023,165.0
Tank Dell,HOU,WR,2024,166.43
Tanner Hudson,TB,TE,2019,4.6
Tanner Hudson,TB,TE,2020,7.1
Tanner Hudson,CIN,TE,2023,80.2
Tanner Hudson,CIN,TE,2024,19.09
Taylor Heinicke,HOU,QB,2017,0.6
Taylor Heinicke,CAR,QB,2018,13.9
Taylor Heinicke,WAS,QB,2020,11.68
Taylor Heinicke,WAS,QB,2021,222.86
Taylor Heinicke,WAS,QB,2022,115.96
Taylor Heinicke,ATL,QB,2023,66.0
Taylor Heinicke,ATL,QB,2024,32.43
Taysom Hill,NO,QB,2018,33.56
Taysom Hill,NO,QB,2019,102.2
Taysom Hill,NO,QB,2020,156.62
Taysom Hill,NO,QB,2021,121.72
Taysom Hill,NO,QB,2023,143.52
Taysom Hill,NO,QB,2024,102.24
Teagan Quitoriano,HOU,TE,2022,30.3
Teagan Quitoriano,HOU,TE,2023,5.3
Teagan Quitoriano,HOU,TE,2024,15.31
Teddy Bridgewater,MIN,QB,2014,183.66
Teddy Bridgewater,MIN,QB,2015,200.44
Teddy Bridgewater,MIN,QB,2017,-2.3
Teddy Bridgewater,NO,QB,2018,7.22
Teddy Bridgewater,NO,QB,2019,90.46
Teddy Bridgewater,CAR,QB,2020,241.22
Teddy Bridgewater,DEN,QB,2021,202.68
Teddy Bridgewater,MIA,QB,2022,38.02
Teddy Bridgewater,DET,QB,2023,-0.2
Teddy Bridgewater,DET,QB,2024,62.93
Tee Higgins,CIN,WR,2020,194.6
Tee Higgins,CIN,WR,2021,219.1
Tee Higgins,CIN,WR,2022,220.9
Tee Higgins,CIN,WR,2023,137.6
Tee Higgins,CIN,WR,2024,190.81
Terrace Marshall,CAR,WR,2021,32.8
Terrace Marshall,CAR,WR,2022,83.0
Terrace Marshall,CAR,WR,2023,32.9
Terrace Marshall,CAR,WR,2024,48.11
Terry McLaurin,WAS,WR,2019,191.9
Terry McLaurin,WAS,WR,2020,223.8
Terry McLaurin,WAS,WR,2021,213.5
Terry McLaurin,WAS,WR,2022,229.0
Terry McLaurin,WAS,WR,2023,203.2
Terry McLaurin,WAS,WR,2024,216.84
Tim Jones,JAX,WR,2022,6.0
Tim Jones,JAX,WR,2023,19.3
Tim Jones,JAX,WR,2024,6.46
Tommy DeVito,NYG,QB,2023,93.54
Tommy DeVito,NYG,QB,2024,85.76
Tommy Tremble,CAR,TE,2021,53.1
Tommy Tremble,CAR,TE,2022,54.4
Tommy Tremble,CAR,TE,2023,60.4
Tommy Tremble,CAR,TE,2024,46.92
Tony Jones,NO,RB,2020,1.3
Tony Jones,NO,RB,2021,22.1
Tony Jones,SEA,RB,2022,6.4
Tony Jones,ARI,RB,2023,7.1
Tony Jones,ARI,RB,2024,3.11
Tony Pollard,DAL,RB,2019,89.2
Tony Pollard,DAL,RB,2020,120.8
Tony Pollard,DAL,RB,2021,162.6
Tony Pollard,DAL,RB,2022,248.8
Tony Pollard,DAL,RB,2023,222.6
Tony Pollard,DAL,RB,2024,170.65
Travis Etienne,JAX,RB,2022,203.1
Travis Etienne,JAX,RB,2023,282.4
Travis Etienne,JAX,RB,2024,252.86
Travis Homer,SEA,RB,2019,28.0
Travis Homer,SEA,RB,2020,32.8
Travis Homer,SEA,RB,2021,61.8
Travis Homer,SEA,RB,2022,43.1
Travis Homer,CHI,RB,2023,0.0
Travis Homer,CHI,RB,2024,25.66
Travis Kelce,KC,TE,2014,177.2
Travis Kelce,KC,TE,2015,189.5
Travis Kelce,KC,TE,2016,223.0
Travis Kelce,KC,TE,2017,233.5
Travis Kelce,KC,TE,2018,294.6
Travis Kelce,KC,TE,2019,254.3
Travis Kelce,KC,TE,2020,312.76
Travis Kelce,KC,TE,2021,262.8
Travis Kelce,KC,TE,2022,316.3
Travis Kelce,KC,TE,2023,219.4
Travis Kelce,KC,TE,2024,246.08
Trayveon Williams,CIN,RB,2020,21.7
Trayveon Williams,CIN,RB,2021,6.5
Trayveon Williams,CIN,RB,2022,8.0
Trayveon Williams,CIN,RB,2023,14.9
Trayveon Williams,CIN,RB,2024,19.63
Tre Tucker,LV,WR,2023,71.8
Tre Tucker,LV,WR,2024,64.12
Trent Sherfield,ARI,WR,2018,46.0
Trent Sherfield,ARI,WR,2019,12.0
Trent Sherfield,ARI,WR,2020,10.0
Trent Sherfield,SF,WR,2021,23.7
Trent Sherfield,MIA,WR,2022,83.7
Trent Sherfield,BUF,WR,2023,25.6
Trent Sherfield,BUF,WR,2024,36.77
Trent Taylor,SF,WR,2017,98.0
Trent Taylor,SF,WR,2018,55.5
Trent Taylor,SF,WR,2020,18.6
Trent Taylor,CIN,WR,2021,6.1
Trent Taylor,CIN,WR,2022,13.7
Trent Taylor,CHI,WR,2023,-0.2
Trent Taylor,CHI,WR,2024,25.24
Trenton Irwin,CIN,WR,2020,1.5
Trenton Irwin,CIN,WR,2021,5.4
Trenton Irwin,CIN,WR,2022,63.2
Trenton Irwin,CIN,WR,2023,62.6
Trenton Irwin,CIN,WR,2024,23.12
Trevon Wesco,NYJ,TE,2019,6.9
Trevon Wesco,NYJ,TE,2020,1.5
Trevon Wesco,NYJ,TE,2021,6.5
Trevon Wesco,CHI,TE,2022,6.6
Trevon Wesco,TEN,TE,2023,3.1
Trevon Wesco,TEN,TE,2024,-0.15
Trevor Lawrence,JAX,QB,2021,199.04
Trevor Lawrence,JAX,QB,2022,295.62
Trevor Lawrence,JAX,QB,2023,262.54
Trevor Lawrence,JAX,QB,2024,284.14
Trevor Siemian,DEN,QB,2015,-0.1
Trevor Siemian,DEN,QB,2016,191.74
Trevor Siemian,DEN,QB,2017,126.1
Trevor Siemian,NYJ,QB,2019,0.12
Trevor Siemian,NO,QB,2021,90.16
Trevor Siemian,CHI,QB,2022,10.16
Trevor Siemian,NYJ,QB,2023,26.96
Trevor Siemian,NYJ,QB,2024,-10.19
Trey McBride,ARI,TE,2022,61.5
Trey McBride,ARI,TE,2023,181.5
Trey McBride,ARI,TE,2024,118.44
Trey Palmer,TB,WR,2023,95.7
Trey Palmer,TB,WR,2024,99.92
Trey Sermon,SF,RB,2021,28.3
Trey Sermon,PHI,RB,2022,1.9
Trey Sermon,IND,RB,2023,20.3
Trey Sermon,IND,RB,2024,13.18
Treylon Burks,TEN,WR,2022,88.1
Treylon Burks,TEN,WR,2023,39.9
Treylon Burks,TEN,WR,2024,69.76
Trishton Jackson,MIN,WR,2023,4.9
Trishton Jackson,MIN,WR,2024,-13.15
Tua Tagovailoa,MIA,QB,2020,135.46
Tua Tagovailoa,MIA,QB,2021,180.92
Tua Tagovailoa,MIA,QB,2022,230.92
Tua Tagovailoa,MIA,QB,2023,272.36
Tua Tagovailoa,MIA,QB,2024,202.8
Tucker Fisk,ATL,TE,2023,1.9
Tucker Fisk,ATL,TE,2024,3.87
Tucker Kraft,GB,TE,2023,78.5
Tucker Kraft,GB,TE,2024,87.19
Tutu Atwell,LA,WR,2022,63.2
Tutu Atwell,LA,WR,2023,112.4
Tutu Atwell,LA,WR,2024,89.22
Ty Chandler,MIN,RB,2022,2.0
Ty Chandler,MIN,RB,2023,101.0
Ty Chandler,MIN,RB,2024,33.96
Ty Johnson,DET,RB,2019,60.2
Ty Johnson,NYJ,RB,2020,63.3
Ty Johnson,NYJ,RB,2021,117.0
Ty Johnson,NYJ,RB,2022,42.8
Ty Johnson,BUF,RB,2023,32.4
Ty Johnson,BUF,RB,2024,69.49
Ty Montgomery,GB,WR,2015,42.0
Ty Montgomery,NO,WR,2021,29.9
Ty Montgomery,NE,WR,2022,10.3
Ty Montgomery,NE,WR,2023,9.9
Ty Montgomery,NE,WR,2024,21.9
Tyjae Spears,TEN,RB,2023,153.8
Tyjae Spears,TEN,RB,2024,169.14
Tylan Wallace,BAL,WR,2021,4.3
Tylan Wallace,BAL,WR,2022,7.3
Tylan Wallace,BAL,WR,2023,8.1
Tylan Wallace,BAL,WR,2024,1.79
Tyler Allgeier,ATL,RB,2022,159.4
Tyler Allgeier,ATL,RB,2023,137.6
Tyler Allgeier,ATL,RB,2024,154.79
Tyler Boyd,CIN,WR,2016,124.1
Tyler Boyd,CIN,WR,2017,56.5
Tyler Boyd,CIN,WR,2018,221.1
Tyler Boyd,CIN,WR,2019,222.9
Tyler Boyd,CIN,WR,2020,192.64
Tyler Boyd,CIN,WR,2021,183.84
Tyler Boyd,CIN,WR,2022,167.12
Tyler Boyd,CIN,WR,2023,144.8
Tyler Boyd,CIN,WR,2024,167.68
Tyler Conklin,MIN,TE,2018,12.7
Tyler Conklin,MIN,TE,2019,13.8
Tyler Conklin,MIN,TE,2020,44.4
Tyler Conklin,MIN,TE,2021,138.3
Tyler Conklin,NYJ,TE,2022,131.5
Tyler Conklin,NYJ,TE,2023,123.1
Tyler Conklin,NYJ,TE,2024,65.64
Tyler Goodson,IND,RB,2023,18.1
Tyler Goodson,IND,RB,2024,18.41
Tyler Higbee,LA,TE,2016,25.5
Tyler Higbee,LA,TE,2017,60.5
Tyler Higbee,LA,TE,2018,65.2
Tyler Higbee,LA,TE,2019,160.4
Tyler Higbee,LA,TE,2020,128.2
Tyler Higbee,LA,TE,2021,147.0
Tyler Higbee,LA,TE,2022,152.0
Tyler Higbee,LA,TE,2023,108.5
Tyler Higbee,LA,TE,2024,104.11
Tyler Huntley,BAL,QB,2020,2.9
Tyler Huntley,BAL,QB,2021,84.64
Tyler Huntley,BAL,QB,2022,50.02
Tyler Huntley,BAL,QB,2023,25.62
Tyler Huntley,BAL,QB,2024,19.37
Tyler Johnson,TB,WR,2020,40.9
Tyler Johnson,TB,WR,2021,72.0
Tyler Johnson,LA,WR,2023,8.8
Tyler Johnson,LA,WR,2024,42.39
Tyler Lockett,SEA,WR,2015,167.4
Tyler Lockett,SEA,WR,2016,124.1
Tyler Lockett,SEA,WR,2017,124.3
Tyler Lockett,SEA,WR,2018,222.4
Tyler Lockett,SEA,WR,2019,235.2
Tyler Lockett,SEA,WR,2020,265.4
Tyler Lockett,SEA,WR,2021,241.4
Tyler Lockett,SEA,WR,2022,239.3
Tyler Lockett,SEA,WR,2023,202.4
Tyler Lockett,SEA,WR,2024,191.62
Tyler Scott,CHI,WR,2023,35.9
Tyler Scott,CHI,WR,2024,37.87
Tyquan Thornton,NE,WR,2022,66.3
Tyquan Thornton,NE,WR,2023,27.2
Tyquan Thornton,NE,WR,2024,42.34
Tyreek Hill,KC,WR,2016,219.6
Tyreek Hill,KC,WR,2017,245.2
Tyreek Hill,KC,WR,2018,334.0
Tyreek Hill,KC,WR,2019,188.3
Tyreek Hill,KC,WR,2020,328.9
Tyreek Hill,KC,WR,2021,296.5
Tyreek Hill,MIA,WR,2022,341.2
Tyreek Hill,MIA,WR,2023,376.4
Tyreek Hill,MIA,WR,2024,273.1
Tyrion Davis-Price,SF,RB,2022,9.9
Tyrion Davis-Price,SF,RB,2023,2.1
Tyrion Davis-Price,SF,RB,2024,-1.01
Tyrod Taylor,BUF,QB,2015,271.6
Tyrod Taylor,BUF,QB,2016,270.92
Tyrod Taylor,BUF,QB,2017,222.66
Tyrod Taylor,CLE,QB,2018,41.42
Tyrod Taylor,LAC,QB,2019,6.02
Tyrod Taylor,LAC,QB,2020,9.02
Tyrod Taylor,HOU,QB,2021,81.74
Tyrod Taylor,NYG,QB,2022,11.32
Tyrod Taylor,NYG,QB,2023,87.34
Tyrod Taylor,NYG,QB,2024,78.93
Tyson Bagent,CHI,QB,2023,53.26
Tyson Bagent,CHI,QB,2024,44.96
Van Jefferson,LA,WR,2020,46.9
Van Jefferson,LA,WR,2021,168.2
Van Jefferson,LA,WR,2022,78.9
Van Jefferson,ATL,WR,2023,22.1
Van Jefferson,ATL,WR,2024,69.96
Velus Jones,CHI,WR,2022,38.0
Velus Jones,CHI,WR,2023,11.1
Velus Jones,CHI,WR,2024,21.03
Wan'Dale Robinson,NYG,WR,2022,51.6
Wan'Dale Robinson,NYG,WR,2023,133.2
Wan'Dale Robinson,NYG,WR,2024,90.37
Will Dissly,SEA,TE,2018,35.6
Will Dissly,SEA,TE,2019,73.9
Will Dissly,SEA,TE,2020,61.1
Will Dissly,SEA,TE,2021,50.1
Will Dissly,SEA,TE,2022,86.9
Will Dissly,SEA,TE,2023,40.2
Will Dissly,SEA,TE,2024,70.67
Will Levis,TEN,QB,2023,102.02
Will Levis,TEN,QB,2024,107.57
Will Mallory,IND,TE,2023,38.7
Will Mallory,IND,TE,2024,40.03
Willie Snead,NO,WR,2015,183.4
Willie Snead,NO,WR,2016,191.5
Willie Snead,NO,WR,2017,17.2
Willie Snead,BAL,WR,2018,134.4
Willie Snead,BAL,WR,2019,95.1
Willie Snead,BAL,WR,2020,94.2
Willie Snead,CAR,WR,2021,1.6
Willie Snead,SF,WR,2023,3.4
Willie Snead,SF,WR,2024,73.57
Xavier Gipson,NYJ,WR,2023,62.7
Xavier Gipson,NYJ,WR,2024,60.41
Xavier Hutchinson,HOU,WR,2023,21.9
Xavier Hutchinson,HOU,WR,2024,23.5
Zach Charbonnet,SEA,RB,2023,106.1
Zach Charbonnet,SEA,RB,2024,131.73
Zach Evans,LA,RB,2023,1.9
Zach Evans,LA,RB,2024,4.29
Zach Pascal,IND,WR,2018,66.8
Zach Pascal,IND,WR,2019,135.3
Zach Pascal,IND,WR,2020,136.9
Zach Pascal,IND,WR,2021,94.5
Zach Pascal,PHI,WR,2022,36.0
Zach Pascal,ARI,WR,2023,5.9
Zach Pascal,ARI,WR,2024,75.53
Zach Wilson,NYJ,QB,2021,151.86
Zach Wilson,NYJ,QB,2022,98.92
Zach Wilson,NYJ,QB,2023,119.94
Zach Wilson,NYJ,QB,2024,132.26
Zack Moss,BUF,RB,2020,101.6
Zack Moss,BUF,RB,2021,105.2
Zack Moss,IND,RB,2022,47.7
Zack Moss,IND,RB,2023,169.6
Zack Moss,IND,RB,2024,100.25
Zamir White,LV,RB,2022,7.0
Zamir White,LV,RB,2023,73.9
Zamir White,LV,RB,2024,41.71
Zay Flowers,BAL,WR,2023,206.4
Zay Flowers,BAL,WR,2024,206.92
Zay Jones,BUF,WR,2017,70.6
Zay Jones,BUF,WR,2018,165.2
Zay Jones,LV,WR,2020,36.56
Zay Jones,LV,WR,2021,105.9
Zay Jones,JAX,WR,2022,198.1
Zay Jones,JAX,WR,2023,78.1
Zay Jones,JAX,WR,2024,103.68
